class_id,fractal_dimension_mean,fractal_dimension_std,symm_vertical_mean,symm_vertical_std,symm_horizontal_mean,symm_horizontal_std,glcm_contrast_mean,glcm_contrast_std,glcm_entropy_mean,glcm_entropy_std,glcm_homogeneity_mean,glcm_homogeneity_std,shape_area_ratio_mean,shape_area_ratio_std,shape_compactness_mean,shape_compactness_std,shape_edge_density_mean,shape_edge_density_std,shape_aspect_mean,shape_aspect_std,gray_std_mean,gray_std_std,morph_body_len_ratio_mean,morph_body_len_ratio_std,morph_body_width_ratio_mean,morph_body_width_ratio_std,morph_wing_span_ratio_mean,morph_wing_span_ratio_std,morph_tail_ratio_mean,morph_tail_ratio_std,morph_wing_body_ratio_mean,morph_wing_body_ratio_std,morph_tail_body_ratio_mean,morph_tail_body_ratio_std,Mass,Range.Size,av_wing_tarsus,av_tail_wing,av_wing_mass,av_tail_mass
1,1.5565659443537394,0.1036616478612521,0.2853992151096463,0.1172622290060694,0.2214444179708759,0.1388638488798228,8.02432370185852,5.976730932500083,4.725538676977157,0.8136682593596659,0.6522338847319286,0.1203981338913365,0.2121491985705991,0.1219468454614602,0.158043885231018,0.0937117233608496,0.0453269497297393,0.018573609724437,1.5413004028300443,0.8803323428598993,55.399193890889485,9.548274226451468,0.6693229312698047,0.1402692689679344,0.31074991847078,0.1384638995128411,0.6102096940080325,0.1726176086466845,0.2320353651419281,0.0926939849947179,0.9082194385429224,0.1941365836146461,0.3491388231515884,0.1247260826309756,3188.4,84626560.97,5.446224256292906,0.2857142857142857,33.340695292611215,9.240198655031776
2,1.556473481655121,0.1034986605454737,0.287682439154014,0.1801945313859495,0.3127537677685419,0.1740433184557996,9.066055830319725,8.946913977905984,4.64845077196757,0.9704920011857738,0.6778056095043818,0.1482153466836828,0.1910999857199688,0.1064733884918418,0.1623479106153051,0.0735645196714197,0.0439345572143793,0.0155202237784548,1.2262638946374258,0.6690142857682261,56.56360944112142,9.888902774022805,0.6297709825138251,0.1772651274400989,0.3113852683454752,0.1275942046563785,0.5204062896470228,0.1865954745411999,0.2367654658233126,0.0994155104008918,0.8342314943671226,0.2163252949624408,0.3802633794645468,0.1245358319456856,3145.9,45350856.11,5.743341404358354,0.3102866779089376,33.37648589846956,10.045992251801685
3,1.5231805772616946,0.0947249555231894,0.2811763435923334,0.1569845453461725,0.2680621664682082,0.1627986604128551,8.078695238664233,9.211266943060338,4.296061713120033,1.1477494154028385,0.7152028638741066,0.1472519068665651,0.1668066654418563,0.0962700466047588,0.1469212800007442,0.0699078426177898,0.0501727885245506,0.0208785245876296,1.3465031971191537,0.6963254402026136,50.95538474773539,11.672255443055564,0.6162550426248846,0.1603728266734396,0.3046090020316428,0.1413662235700733,0.5202660902306951,0.1392466633078252,0.2322137297998214,0.098034514936036,0.863027480655703,0.1917490622098366,0.3778092638942702,0.1297403788347869,2553.7,61330907.01,6.695538057742782,0.5268522148177186,38.32649078974368,19.66554434394963
4,1.6043452203273774,0.0955157633864378,0.2437939895336361,0.1502372031171494,0.2414840410715745,0.1612466335536639,12.666435555617015,8.491147023742753,5.089957821369171,0.6152105315519665,0.6160385698080063,0.1112712632015197,0.2467445869619647,0.1130742831890873,0.1515013155837853,0.0957497028886489,0.0440183258304993,0.0152716421221606,0.9894179393847784,0.4098826168318533,64.29131266276042,8.399978925869364,0.7092735270659128,0.2025563594558172,0.3420581171909968,0.1125206835742876,0.515145663668712,0.1474470929001022,0.2777035245050986,0.1041223658895849,0.7554937968651454,0.2027284081538309,0.3915767307082812,0.0956961960235826,82.0,2696933.46,3.825443786982249,1.2583139984532095,30.761894583635147,37.44980857507686
5,1.6179501495578072,0.0809185696236999,0.2585416530491784,0.1374927740818998,0.286271714351394,0.1168621556214085,9.06558927080848,5.025052229592839,4.804004512049935,0.4958969922550669,0.665505900979042,0.0920155821933091,0.246038969352164,0.111102339102655,0.1635237887332385,0.1117988433277928,0.040065766566179,0.0117269138677565,0.8522801297632131,0.3475479554924925,54.556404720653184,10.451661589600128,0.7012186998670752,0.1825770414862303,0.3435322711752219,0.1231873883757406,0.4691082181578332,0.1433601304867356,0.2822438781573014,0.0843558650140287,0.6765388053926554,0.1742773387640925,0.4024019488556818,0.0803614141747273,259.4,479141.29,5.087591240875913,0.27259684361549497,22.85778332514969,5.958362742867204
6,1.586668363431605,0.0886729026561801,0.2480596517462556,0.1252688120157911,0.2814893651662803,0.1177636934746953,9.793857237187828,5.983624235714751,4.929996664931134,0.4849199684744148,0.6463010456503891,0.0805887041822905,0.2261689830480552,0.0942777858554224,0.1316995443549098,0.0698969704022862,0.0496983700772611,0.0121271931016212,0.922401916689989,0.3222138224887695,57.9305475746713,8.147472098350617,0.6715736214707537,0.1342443521779995,0.3449601850858548,0.0852204302220756,0.4916234492528729,0.121009943120947,0.2686753843615694,0.0694132340098885,0.7378613607185643,0.1527603088420091,0.3985542342430208,0.0670652460182781,84.0,65157.07,4.968421052631579,0.28601694915254233,22.55487782670509,6.165060395349973
7,1.5698537489153304,0.1016923003134952,0.297658083121345,0.1652112475525767,0.290235088259544,0.1522249354273656,8.335193121208334,4.646774465815812,4.936970809720597,0.3802844908672623,0.6527304160145094,0.0777603378269156,0.2097231309931233,0.11887438666386,0.1627542971861812,0.0938486611433707,0.0462508064887995,0.0157444213855671,0.9985882291254008,0.4584662757802463,55.17684072818396,6.7376715773616045,0.6435810040752843,0.1568978515968245,0.3296016882050712,0.137565990206848,0.4727685617388419,0.1314127486387526,0.2434432139655329,0.0845422406589434,0.7475270898836963,0.1655220625016375,0.3766158852937086,0.0922493650642281,270.0,400570.42,4.9727891156462585,0.2667578659370725,23.620009582472946,6.034065483696613
8,1.61215773721536,0.09228568116954,0.2835685725634296,0.1176266422595643,0.28366144032528,0.1448835377242735,11.566776672999064,7.326481473729541,5.224179272850354,0.4622982598030331,0.5812081812570492,0.0877497603521879,0.2697853880623976,0.1217171561679656,0.1512061030759165,0.0968040538701469,0.0467891074173773,0.0136493056730165,1.547183827807506,0.4947659402771726,61.36469801266989,8.310783997066398,0.6977614111577471,0.1667940237036116,0.3895407390470306,0.128213087908397,0.6707176569228371,0.1836054680664942,0.2106644899273912,0.0625306064675233,0.957788087427616,0.1418189603969303,0.3146964578578869,0.1029015878715165,482.2,316387.33,6.0816326530612255,0.28635346756152125,23.801238944544597,6.529213836469146
9,1.6114399918055131,0.0838748904586157,0.2756894211900436,0.1453263384604423,0.2775988381797984,0.140789331842017,13.661580418126055,15.79032036367318,4.844064902451079,0.7748772258418887,0.6557731446573289,0.1446433608945409,0.2461302925090668,0.0943174851053274,0.1730134007915602,0.0918950268791311,0.0358818162043215,0.0106995207178419,1.1938127425767608,0.4910047378375213,62.90079976744571,8.893102443554938,0.6566937757750689,0.1361484039684906,0.3554875398591413,0.1101895261673626,0.5804091282820297,0.1445395967703873,0.2530954306534791,0.0757602005060685,0.889283542410802,0.1836468292033013,0.385327617748309,0.0962500589359594,62.5,5280448.27,4.077419354838709,0.795886075949367,32.850804141342394,25.34961152388485
10,1.5925938447316488,0.1323359085295781,0.2963304482400417,0.1541180458841948,0.2495491492484385,0.1855404894507734,8.275449405113855,7.136661000544108,4.459983356793722,0.7226900174474712,0.7298849458495776,0.1100649046935888,0.2261029886392255,0.1187950418728992,0.2126448035240173,0.099972586109222,0.0398964300130804,0.0163035283090271,1.3570273076494537,0.9818669898606108,65.68565635681152,11.71642248528245,0.6181992003073294,0.1759033082486193,0.2899639370540778,0.1191315044410468,0.5219399714221556,0.1658073588820579,0.2535327087311695,0.1139425288114267,0.8488672564427058,0.1623271900537033,0.398463630862534,0.1333019540695984,50.8,13703226.95,4.214285714285714,0.7533898305084746,32.861100307995486,24.003828960854225
11,1.5796541253725689,0.1013314495743603,0.2523361554990212,0.1256159133993285,0.2365633772065242,0.1210013452738703,12.734480241934458,12.547506319228118,4.997554111480713,0.749064899273321,0.6259368091821671,0.1299757652522227,0.2258595150584975,0.1238786079382754,0.1654772032052278,0.0945604824936838,0.0451735422636071,0.0163799544205758,1.3909639249245325,0.4832044440923128,61.89801858266195,7.236826873441557,0.6488531281550726,0.1681312335563343,0.3325905521710713,0.1303876628429826,0.6027038899560769,0.1618955930192201,0.2273305140435695,0.0827203707254786,0.934317417939504,0.1271985605341054,0.3542040805021921,0.0999832646913193,59.6,7275943.03,3.7880794701986757,0.7867132867132867,30.287160767429913,23.04059850584521
12,1.6235566841704503,0.0641369102191261,0.2954451363267643,0.1264813025599835,0.2649357583639877,0.1042649107156167,9.566382627402032,7.9403688323477635,4.8795691813741415,0.6136748290538908,0.6669598408043385,0.1146237476081906,0.2805065641711865,0.0959473866505542,0.1982725000541125,0.1122813599257743,0.0376560446207544,0.0099486388625536,0.9929514974355698,0.4190945315173384,62.71578856876919,9.456781455364933,0.7076034407530513,0.1292075668730617,0.3347097603338105,0.0974606214230327,0.5506785072918449,0.1361545243995064,0.3134138882160187,0.0831673426246181,0.7865670211613178,0.2013762026586744,0.4390224383345672,0.0889221036586681,62.7,4756494.14,3.9331306990881463,0.7874806800618238,33.57205024502912,25.649860277963423
13,1.559447916348775,0.1055580669241646,0.2083463928856266,0.1366906410538951,0.1985885507737596,0.1151723448781951,11.401520347595214,7.511225853280804,4.606720387935638,0.6428758214576968,0.6938072100281716,0.1033882868035818,0.2096367449034005,0.0836961179958833,0.2334999345242977,0.1098003962868462,0.0442357084403435,0.0200649118034508,0.9543116743365924,0.2851070838491432,56.203761927286784,9.011393982246972,0.6278397233535846,0.136198346793209,0.2885334879780809,0.1038058333549566,0.4892806784560283,0.129690926436565,0.2688044864373902,0.0739716574588538,0.7829077606399854,0.1472775512256962,0.4246139824390411,0.0747583758410493,31.5,3883605.76,3.4037735849056605,0.6851441241685143,29.560755164562764,19.56823358281573
14,1.6516688406467437,0.078559613376406,0.2339161993935704,0.1321091200186195,0.2130088546623786,0.09536496530063,10.547463606794675,7.654896323584528,5.031161149342855,0.5193996742932625,0.6343004092574119,0.1055254435786527,0.3064776694091657,0.1226989187290509,0.2023588502158721,0.1233573064407244,0.0376770181581378,0.0139556619268591,1.089221621056398,0.3724480309812115,57.12681566874186,9.095335567472448,0.6655990466475487,0.1636859377068613,0.3936574832846721,0.1234641458880971,0.5720786367853482,0.1758741809247472,0.2794200160230199,0.0830103266429161,0.8560641929507256,0.172658060852204,0.4211651804546515,0.0958010011067536,14.7,5700834.65,3.7674418604651163,0.7546296296296297,27.45265255113848,19.96195539738691
15,1.60327999756254,0.0823705867352074,0.2012269576561862,0.0959440819512237,0.2073290232601093,0.099239311108833,12.099034457371152,9.13058593673195,4.971428821826804,0.6222383417777684,0.6415305060559305,0.107317344065314,0.2319673949788356,0.1056563542384831,0.1532170586930266,0.0792445132539464,0.0472284879792353,0.0109806702695156,1.102626273344303,0.4682762107781505,56.29990702661975,8.69499358993274,0.675772175192833,0.1605356556395529,0.3466904669486243,0.1157408016525024,0.5357219910827177,0.136062362164379,0.2686711834936306,0.0889647915857437,0.8013552550611824,0.1521829723965645,0.4018142918317482,0.1123750474150276,15.5,2824052.43,4.190476190476191,0.7698863636363636,29.235496339826536,21.73812360253691
16,1.6163989367156193,0.1061389272622368,0.2311886890695013,0.1121210602592597,0.2010700636190073,0.1282536196947295,9.421732803870892,6.873881310367145,4.984628344404286,0.4810578718253856,0.6428870384035439,0.0922188183145308,0.2549193647112055,0.1224206068368683,0.1560183581735553,0.1070049714988471,0.0449801201065038,0.0129933789656298,1.1139431909240525,0.4339364634822392,55.02038399926548,9.34557497451762,0.6534858846972729,0.1808527215134257,0.380475467006708,0.1466179423484463,0.5461104925850342,0.1715569612293125,0.2734353502505812,0.0975445621308973,0.8484861234138752,0.1889240949821684,0.4153945127437854,0.1003985844828582,15.5,1410893.89,3.7021276595744674,0.7528735632183908,28.91463842687396,21.016193298393613
17,1.629138333755627,0.0974761205366707,0.2236713273450732,0.1348903550869186,0.2384647162173662,0.1186487513243853,7.876899494413744,12.062953084656364,4.670426644776997,0.6224937335551103,0.7041369064858085,0.1130355826868477,0.277665523387361,0.1287787918254193,0.1750184997524085,0.1075032166459432,0.0337471924558804,0.012839082120164,0.9791213409942492,0.3939274177124722,54.29935542324133,9.464430027563168,0.6881235244504192,0.1752794669742009,0.3712852097917021,0.1202923519817371,0.5287962482686628,0.1595381091722083,0.280168927944543,0.0879463653130212,0.7763443050677317,0.1796396973561239,0.4088029022279538,0.0874944550613604,42.6,5834572.06,3.816326530612245,1.0887700534759357,27.771646254025903,29.148166723634617
18,1.5565315008163452,0.1175589490484576,0.2014390684664249,0.1200980789653587,0.2494059011340141,0.1042325097539694,9.93940282927619,5.545217995673024,5.058863343132867,0.4025919404580446,0.6228985150655111,0.0767401929893262,0.1677247809867064,0.0846926743942279,0.163992535488473,0.0894241152336424,0.0507422743365168,0.0157056787548078,1.1512682596842447,0.5982583383141702,57.99856296115451,6.990147830274752,0.5852728851967388,0.2010704200527662,0.2928246799442503,0.1110323763200882,0.4573114325602849,0.1596963753024216,0.2225799703763591,0.0937036691216573,0.8054373307360543,0.1850394447600536,0.3868024006485939,0.1194788467537677,176.9,167335.29,3.4454148471615724,0.7338403041825095,29.110229278409673,20.628419204308237
19,1.5757878453044567,0.0808076419217301,0.2811739266202864,0.1639381510834626,0.2438524138119261,0.1251803090212757,9.00819181789786,6.122691204197814,4.971223338175628,0.464217563198066,0.6571164904004436,0.093073630024691,0.1847563144135273,0.0883287742511573,0.1180779909304643,0.0581336584478446,0.0468493812101877,0.0136933120770366,1.4049467606059576,0.6709236810584037,57.558793019440216,8.708609891843311,0.641721099615097,0.1542335316818033,0.3276848332104036,0.1244089399079704,0.5528144199969405,0.173420752782193,0.2105703984655566,0.0799714605343487,0.8604687164395542,0.1958233789187168,0.33585359926446,0.1216296498156512,35.3,6824562.12,3.3102189781021902,0.9955898566703417,28.649188240349577,27.527251357260933
20,1.5689086004839106,0.1040586346267218,0.2328397704572495,0.0990047275295594,0.2381124506562443,0.1161988651595294,8.971533498521579,6.310224698138745,4.815487029188771,0.649186904861036,0.6676716900477975,0.099789709683071,0.2023111035952628,0.108341428577978,0.1624247143834324,0.1019396680408565,0.0495402677521362,0.0124610457309374,1.2062654010320113,0.5299276476248442,56.75599773859574,9.922644899760297,0.6403793657230119,0.1721284257517797,0.3124128678592585,0.116865581389834,0.525942736510503,0.1638295844833661,0.2429766252131785,0.0948098207710767,0.8266638310278877,0.184651340219603,0.3820187934374405,0.1132198753106846,24.9,6188045.96,2.9310344827586206,0.938562091503268,27.197608806529136,24.58808251384042
21,1.6139649669329326,0.0925669265197436,0.2138995584721366,0.1174741648545393,0.2358483276329934,0.1169009079034473,11.312685066461563,8.65235490288736,5.023285035292307,0.5984324178958574,0.6406947210431099,0.1187496832722296,0.2333631582868595,0.1178016204115188,0.1312628865552445,0.0898204344510154,0.0473138051728407,0.0159938739110549,1.2573031256596248,0.49390701600155,61.077591005961104,8.323189970517749,0.6708502098917961,0.1922369120128607,0.3751584764569998,0.1395803178132535,0.5817199324568113,0.1620656246907357,0.2439491185049216,0.0817159017261542,0.8859151075283687,0.18041941066903,0.369989039003849,0.0961276661691934,40.0,3162018.06,3.048148148148148,1.1142162818955044,25.06466598549189,26.813242659411983
22,1.5599638457809175,0.1207775841455343,0.2098334013883556,0.1258034234943429,0.1918638187593647,0.1216854634163033,18.17745166165488,11.918398335855976,5.561781065804618,0.4579430025370707,0.5250375478395394,0.1053746766772667,0.18320677459373,0.1173128087295256,0.1139325322915933,0.0806362772770379,0.0511315513867884,0.0150382235884059,1.568956813641957,0.6394290853600578,64.28764295578003,6.858141713292057,0.6439985337534121,0.2130590809814303,0.3027017599503909,0.1431214103644063,0.5649380832910538,0.1897947144686875,0.199999459620033,0.0838505828026542,0.8928175688322101,0.1475758522415233,0.3177080711882029,0.1047425722243424,109.0,1808676.44,11.868571428571428,0.6793452094366875,44.48048007486735,29.53825584286848
23,1.595089265855692,0.1134835352444223,0.2489475560358773,0.1800574428336815,0.335483350285913,0.179468318515388,9.172988280401391,7.460073752711873,4.686397863646685,0.7585103524008424,0.6774747371673584,0.1182608453124779,0.2333361853103516,0.1228302395396141,0.1753506778534186,0.1024413330610836,0.0378844435721383,0.0142490612430969,1.0950315135010218,0.543501411656228,62.72099090834796,9.633752728430622,0.6319893613710241,0.1758381365885029,0.3444723892262426,0.1374107165567088,0.5099167182283887,0.178882181982978,0.2404942374865887,0.0797981097095985,0.8241165841029863,0.253538763643769,0.3826575226197808,0.0855044554493526,2224.24,326313.7,4.283969465648855,0.4112615823235923,22.496138476590584,8.840535923729698
24,1.5996260184508104,0.0886709613374945,0.28463914227457,0.1541028319111261,0.3225169735602461,0.1615033672553529,8.354272218850943,7.277302617085471,4.588900052584135,0.7256436014034721,0.6964377795274441,0.1224354479023654,0.2402036798974642,0.1164936948566032,0.1991044925525784,0.1121483643361676,0.0369640190619975,0.0127880971646769,0.8592032847496179,0.3928333122063382,59.90291045262264,10.613836813796404,0.6397509099199221,0.1872077274033505,0.3150056990293356,0.1033263702759037,0.4338479428910292,0.1350342346866979,0.270744239195035,0.0918574236286801,0.7127049725789291,0.2301399454607427,0.4207361094080485,0.0923794866453333,2117.66,1348091.15,4.8113879003558715,0.5702662721893491,22.056585242831066,12.007860371466533
25,1.5667262057463327,0.1348995078181378,0.2795495873317122,0.1536114199296192,0.2886827340659996,0.1361165726094443,12.208201360702514,11.226174836547289,4.8665832857290905,0.8461304356380818,0.6352414910991987,0.1215809407511044,0.2309718751658996,0.1033265794096344,0.1593601460879047,0.1219962370562451,0.0399897388493021,0.0129151464560077,1.1468907698988915,1.3117241218745768,62.73048038482666,10.297561720512986,0.6755777188887199,0.1948093406272906,0.3122891717900832,0.1063470627791779,0.4896483202154437,0.1788089761919135,0.2544275362355013,0.0980350770780699,0.7466506391763688,0.2533808553443673,0.377087893585364,0.1013768502030145,1843.95,1686730.58,4.746268656716418,0.5400943396226415,21.745985025456392,11.204789082145078
26,1.5869504551092783,0.0909063151281039,0.2728809114235143,0.1311288630655089,0.2640672380104661,0.1317547560108791,11.523813223838806,10.583936658168804,4.962360326449076,0.6619928511941062,0.6391007979710897,0.125071535416741,0.2184708231439193,0.0853444066877736,0.1712196692203482,0.1044778965895345,0.0435593598832686,0.0163127288599486,1.3178704112768174,0.5955052231351321,64.65780544281006,9.899034788856454,0.6469305525223414,0.1285453722718188,0.3251464836299419,0.1092841205047372,0.5804588673015435,0.158994577356858,0.2538416728377342,0.0788562036941581,0.8921098853151004,0.1767410990005723,0.3988846475879351,0.117629267126593,62.6,2518193.73,3.7113402061855667,0.7129629629629629,28.199795849903612,19.392447041134982
27,1.5925261239210764,0.0933211046262517,0.2533656156621873,0.11317227023325,0.2982751081387202,0.1212052243063,10.106534657875695,6.665817816565219,4.852717677752177,0.7049075064231564,0.6541584635774295,0.1169770998967569,0.240064269118011,0.1062459936812944,0.1681829196711381,0.0802787664392632,0.0418095188215374,0.0136490405115057,1.3257230599721272,0.4624121659773358,62.81036103566488,9.635266906280773,0.6704733386635781,0.1486062394336391,0.3429467876752217,0.1172300382461693,0.6026810854673386,0.1297073015026053,0.2488638410965601,0.088581715612853,0.9170770982901256,0.1696263058583423,0.3688049751023451,0.1015032723855485,41.5,13210499.69,4.309803921568627,0.7525022747952684,32.74302614800728,23.886699385261167
28,1.586575774823205,0.094261953440975,0.2017669590600466,0.1460814191815402,0.2192043805952673,0.1547723479082074,18.225744631330844,12.510639930093625,5.299461595082687,0.5118912957144249,0.5787570971553608,0.0983881506412146,0.192304309646962,0.1091496604062587,0.1522989117745626,0.1181432348168023,0.0499648368301785,0.015857180881083,0.7053442228648622,0.4019434423336003,61.99621142371226,9.60979995251727,0.6128837779416876,0.1847350959679923,0.2744251545202934,0.1191166198907834,0.3564029027849941,0.1380784716817715,0.2850832362043655,0.0999173505960689,0.5935766583277007,0.2089271499941607,0.4554940732353825,0.0831584313734808,8.1,6543644.5,4.47887323943662,0.9952830188679245,32.66859354233729,31.51921338411872
29,1.6009979645411174,0.0772776619707869,0.2601317850251992,0.1029363927108308,0.2294958278847237,0.1086609304067405,10.596679310003916,7.481249186810957,4.875791986783345,0.703659776372547,0.6484580333034198,0.1218234491555113,0.229421580551813,0.09893417102593,0.1456451506664355,0.0763241050528646,0.0384316685609519,0.0124148099057474,1.3827579279740652,0.3897421694232946,63.84129746754965,9.428719422541429,0.6749674282968045,0.1541227809570421,0.3310709182173014,0.1152145594428546,0.6327175659437975,0.1499064836076414,0.2394839220369855,0.0777975411120394,0.9409831792116166,0.1180499852744459,0.3555851235985756,0.0904529826156837,448.8,11573830.54,5.220910623946038,0.5726744186046512,41.437410419645104,23.157470501947923
30,1.5745277633269628,0.1616822599527413,0.2686810404683152,0.1283106052175305,0.268568428667883,0.1547934575565535,8.985908762613933,7.441827598809295,4.56970492998759,0.8044155947538278,0.7004807511965434,0.1242080297109295,0.2339692903604979,0.124480382100302,0.1846492797136306,0.1332034854059598,0.042093668350329,0.0214230699194954,1.3665164192517598,0.94539223749625,67.48112958272299,9.11275041841099,0.6751010650147994,0.1878101094542201,0.3106577513118585,0.1180691998491816,0.5750498422731956,0.1809087622283869,0.2415341342178484,0.0883133422983796,0.8499684378504753,0.1467346947931177,0.3643301457787553,0.1099274547839464,284.6,970986.53,5.8747346072186835,0.5677629201301048,43.06596542686947,23.88349536885144
31,1.546463046471278,0.1032283672624183,0.2366975639015436,0.1291628426631719,0.2580729431783159,0.1456823906626675,7.8881065805753074,4.194923774216677,4.9927550514539085,0.3487823063792754,0.6537846068541209,0.0649225864237881,0.1706756349342564,0.1019907431176314,0.1371868261446555,0.0984332258244512,0.0519454390741884,0.0148267935822289,1.0225532213846842,0.4944040168462396,59.87962086995443,7.515001625749594,0.6133670583367348,0.2144565586269817,0.3045089227457841,0.1384298176487728,0.4622567409028609,0.1823490532959749,0.2491398282349109,0.0950545406081255,0.7527639597654343,0.1687174531817283,0.4185746144503355,0.1074623110645285,50.9,4944717.14,5.978165938864629,1.047479912344777,37.940053550891115,38.693964055498796
32,1.5706914056022212,0.1042623943041377,0.2398698074075411,0.1412609847213344,0.2322892004443895,0.114399301052135,10.483112870522266,6.970625047707372,5.0831921370524284,0.4404374957204092,0.6290736698879386,0.0869993247559591,0.2065592514315866,0.1375685744280231,0.1468425661606608,0.0997936619717918,0.0502812312388757,0.0143365136667901,1.0295114123596336,0.4259658642770836,63.4449312461997,8.706664332148819,0.6202233574300442,0.2333469635111736,0.3349828211204061,0.1574846305523788,0.4762387795830672,0.1906917264916449,0.2687430875903031,0.1087456330181979,0.7837089069609372,0.1802556287141575,0.4345066912893979,0.0945200695760127,63.9,1105292.18,4.804270462633451,1.1503703703703705,34.76759645782829,38.84524244370914
33,1.5452320272639646,0.1169892304862882,0.2440023002672498,0.1370074229319902,0.2720749435030808,0.1622828471434883,10.080611661329108,6.412814087095317,5.026088678230674,0.5202792397767587,0.6428759375871238,0.0907360481480007,0.1765453185949285,0.1204308210224257,0.1565167855281951,0.1009288403180024,0.0531168208157612,0.0144575243465566,1.0386590725284512,0.4636250509583507,64.95339791249421,8.761312728154584,0.5804277706449315,0.2231490808245976,0.2968402326864711,0.1483804098271735,0.4273180164775605,0.1408415301838401,0.2367799552315372,0.1159711562321021,0.7678099037226984,0.1702392793759243,0.4032848745079364,0.0950727823833138,64.0,5270361.03,5.853061224489796,1.0202231520223153,36.85000000000001,36.57500000000001
34,1.5807267629494102,0.1000624326614925,0.2238913336926597,0.1279719411942163,0.2550608791979187,0.1276558429206255,13.683724633717942,9.460839544084823,5.133000826431533,0.585498251699859,0.6129986027539787,0.1157877719501723,0.2246776998548184,0.1178564406004902,0.1369498810588808,0.07912059739604,0.0456901476955262,0.0143302024762299,1.3500172657481695,0.7453511535866233,60.49151624259302,8.692600986100487,0.665638006844763,0.1668680142592873,0.3472026998208741,0.1217027045730044,0.5680557322704186,0.165483519180042,0.2288909185740907,0.0881606921502283,0.8543279287168535,0.1580803451059002,0.3509586627705622,0.1228492968447552,37.8,2279904.65,5.38265306122449,0.6616113744075829,32.43560765089596,20.798155583246807
35,1.5784732043743133,0.0832033785847259,0.2221319250684852,0.1350967908655225,0.220495643094182,0.1270127733862324,7.767910861968994,7.369030271947104,4.729376661777496,0.4803273471496985,0.6923599218328794,0.0845898498542648,0.2010911263525486,0.0877466815988872,0.1583213326831658,0.1317822247857972,0.0454041439729432,0.011322269812714,1.2117883945504824,0.5272655374140519,53.79691899617513,9.449553206989004,0.6435115044315656,0.1593445777479286,0.3386801061530908,0.112201253977813,0.5351004267732302,0.1512300229268898,0.2442854218184948,0.095438259683139,0.8544107432166735,0.2040243452757943,0.379748226950566,0.1066660896857276,23.3,4534365.72,4.885542168674698,0.7336621454993836,29.39458640905445,20.832033185434522
36,1.5759342948595685,0.1016082026023498,0.1995632072289784,0.1171972325014419,0.2092484309027592,0.1202843665782436,15.069423055648803,8.423967885552848,5.1239149888356526,0.6416779481238404,0.61016699274381,0.1056853666816993,0.2006049120798707,0.1090874697385701,0.131359491062661,0.0876617301066768,0.0460504577650378,0.0154221731529484,1.1255998740593591,0.66270763877367,63.3048770904541,8.623642039127928,0.6601427649458249,0.173226697563969,0.3228302868704001,0.1073390219715597,0.4976558491587639,0.1660066081492996,0.2600856851786375,0.1023672545101187,0.7715365792314212,0.2203545060456729,0.3954379354914029,0.1198834534177844,131.5,6674670.23,5.609427609427609,0.698079231692677,33.7616987660769,22.870261503569886
37,1.5569014650280193,0.1083427718554012,0.2360503483500521,0.1442320399460127,0.2155516606329356,0.1081948191057228,8.131143036535232,5.09391146972648,4.7489816415107855,0.3562886690531331,0.6965112665952262,0.0568117635209616,0.1837208180735677,0.107061201423239,0.1750660640961032,0.1206583741415657,0.0481879591184147,0.0157969010667921,1.0482110487202467,0.5129378223850375,55.89542479434256,9.005537562178837,0.6069295598288714,0.2019613563123233,0.3080597231953831,0.1286160509828652,0.468663225108284,0.1694976332500962,0.2445011608681436,0.0910660437259864,0.7802140076281661,0.1822474211085874,0.407112437663442,0.0937118967926497,12.6,3006134.68,4.152046783625731,0.828169014084507,31.511823748880055,25.268946992030244
38,1.550450587272644,0.0987630446730167,0.219097642392929,0.1368050460936342,0.2225210996732736,0.1153304663741457,8.84591257373492,6.573606632007863,4.7702968915303545,0.4969217426838898,0.6951910903056463,0.0892722234853588,0.1707397092754642,0.0984330898538106,0.1524557523739834,0.1162739748277453,0.0489097478489081,0.0161974159154375,1.105104956527551,0.5276082338176215,58.41201699574789,8.428479085207144,0.6273659229278564,0.2024198344097393,0.2964921637127797,0.1366564791641816,0.4848244624833266,0.1625394798630426,0.2461142019679149,0.1000352245651557,0.7877731407682101,0.1833508684389855,0.3958361485352119,0.1077325095058041,32.1,5137539.15,4.532110091743119,0.8917004048582996,32.08770058483352,27.720915197609646
39,1.5628195071624498,0.0990507651621874,0.2617039075279135,0.1380015738940736,0.2645679865095575,0.1470391300360794,8.835269234948239,5.250559319505456,4.907415866851807,0.464060283179466,0.6693014527781534,0.0788697370032467,0.1918772830927776,0.0993779941856257,0.150517864878905,0.084579978695491,0.0499479601128121,0.0148885158598614,1.1009558469562206,0.7696270583128907,58.43271287821107,9.645799299793154,0.6199604929503748,0.1748415936355116,0.3156584774033498,0.1174770708492993,0.4659171248391523,0.1320947017170283,0.2551408624118667,0.1136303120926144,0.7750863235885814,0.1897443217839558,0.4031188617444644,0.1174384098837533,10.0,5753545.24,3.842767295597484,0.8314238952536824,29.36010777337408,23.579271274752916
40,1.5962768773237863,0.0908592995410811,0.2263240545449662,0.147727931198975,0.2531528615082303,0.1277646892297322,5.970965554316838,4.472434016706692,4.2255961457888285,0.6635281174971398,0.7375975767771403,0.0739639347010829,0.2510009583706657,0.1164036164306049,0.1699635882551471,0.093216415314441,0.0444717857676247,0.0171041639346661,0.768621800839901,0.3252281665202063,55.37774836222331,11.676132798276274,0.6912903994321823,0.1411607035237691,0.3239262020836274,0.0848051033225427,0.4594448576370875,0.1481384084520803,0.3234721777339776,0.091164301466,0.6640782440702121,0.2004392202300061,0.4636278194685777,0.0943309906789628,32.1,9652028.65,7.122448979591837,0.6571155682903533,33.944152340405566,21.648115387009575
41,1.5246043801307678,0.1104877182147156,0.2519509313007196,0.1599627061894686,0.1767163410317152,0.1551617328919605,8.456787935892741,8.625797682150518,4.067376641432444,0.9092242103670738,0.7444678778449695,0.1296342817642652,0.1431532750216623,0.0855066469152577,0.187648077805837,0.0974451881275464,0.0535926799289882,0.0197583093052789,1.4328812599182128,0.7782731366371318,45.45573463439941,10.442428313584,0.5789164376755556,0.1838771655852281,0.2476036349932352,0.107453489530904,0.5057443072398503,0.1752789117229332,0.2044839218258857,0.0953992196602983,0.8721873581409454,0.1425151769430931,0.3651853021234273,0.141216645929045,39.3,1445850.08,6.516129032258064,1.7656765676567656,36.64826818229081,62.94331180701513
42,1.6046627581119537,0.0870096743852277,0.2370902934422095,0.130085967097266,0.2396391931300362,0.1232356417058685,6.4598661740620935,3.7554835906790505,4.329616975784302,0.5107927270051997,0.7483798970778783,0.0544863034838542,0.2602301901827256,0.1021814528770086,0.2116736308981975,0.1043055211275744,0.0375536700865874,0.0139579890399289,1.0929764300584792,0.3151902122694929,51.626378854115806,11.89494444159427,0.6553827578822772,0.1153233013888078,0.3581310528020064,0.1050778944537689,0.5700769349932671,0.1131640179851235,0.2726753417402506,0.0757724917111496,0.8729301482439041,0.1243769019208973,0.4153757954637209,0.0893621767980916,14.4,8461953.41,4.449101796407185,0.775235531628533,31.539926187125655,23.675635913572517
43,1.5512412180334836,0.1011092061025906,0.2514349871267706,0.1435238064098674,0.2591250627222707,0.1531628541111544,7.401625249345423,4.175181761606918,4.797725382497755,0.4092036923244061,0.6836907762592122,0.066819987066263,0.1912332632720975,0.0913176398239537,0.1612449048434273,0.0962505094398643,0.0492461074333069,0.0179313984890711,0.9442347651821072,0.4778520233767476,55.819814714334775,8.67339235913496,0.6105013699349711,0.1911945256065799,0.3355874643992569,0.1302462257963034,0.4554913099539482,0.142932783990837,0.2616629621992677,0.1004123637119642,0.7570691457239248,0.1837994154533395,0.4242648857377343,0.095955905221995,11.8,5332665.34,3.889534883720931,0.7862481315396113,30.385434408885757,23.10424289846623
44,1.4952852785587312,0.1799276596975299,0.2951486491054917,0.1959098741692175,0.2867212573687235,0.1746349468126729,5.987957827250162,6.180242455271771,3.624827653169632,1.2417400632058888,0.783320015668869,0.1396377733920529,0.1566557315643876,0.1234620379510303,0.2242592049762606,0.152201813492156,0.0503033695121606,0.0278597632104925,1.3601956978440284,0.6505685544374884,55.77418257395426,11.001280842286764,0.5621148472651839,0.2615542719145366,0.2232728406786918,0.1301786256090402,0.4599757776906093,0.2350495602445314,0.2000104089733213,0.1107569158179114,0.8394847015539805,0.185817388476605,0.3516617534061273,0.108721018002593,1490.5,191468.89,22.21453287197232,0.6850467289719626,57.202767492007965,38.50152202957181
45,1.5452735702196756,0.0946584461304302,0.3135624507752557,0.1535710590990372,0.2819194107005993,0.1557159674190132,7.249589286247889,5.7502301700485,4.577501034736633,0.8322559914129715,0.6830543627341589,0.1171308080430363,0.1674118200627466,0.0788925344615195,0.1570512717589736,0.0876151190012262,0.0507585939019918,0.0129394676151832,1.5520933757225672,0.7087449497302574,52.96325845718384,10.50299097811571,0.595568257321914,0.1495000841221687,0.2944759984811147,0.1177649591303299,0.5417354819675286,0.1652190161808027,0.188859859543542,0.067784044646122,0.9108125368754068,0.1565774778555514,0.3229135109732548,0.1070443354696255,611.9,29451058.1,6.579918032786886,0.42011834319526625,38.82220299251309,15.88980125720964
46,1.5798325876394907,0.1084171209879661,0.3001543863366047,0.1228497421164449,0.2438065509001414,0.1392449138016125,19.443727427721026,12.840924963934649,5.374192214012146,0.5413007988851769,0.5556466589371364,0.1023047242753792,0.2152970579452812,0.1101650193644427,0.1589598865558703,0.0836502356302995,0.0432143402518704,0.0153956802951928,1.9831829875707627,0.7078598859276748,59.77012303670247,7.045657014778516,0.6467709916333357,0.1735774646766494,0.2854286176462968,0.1045012316694426,0.6147777395943801,0.1746926741043319,0.1462628769998749,0.0534742325995046,0.9545603106419246,0.1195013553425224,0.2402905285358429,0.0960803996136748,915.6,18552362.65,6.884931506849315,0.3302825308396339,26.879580201096374,8.547573245885392
47,1.617968448003133,0.0730758534614072,0.277304650703445,0.1229618023324805,0.2522792246347914,0.1465035702433686,8.375676675637562,6.282678116741902,4.683546324570973,0.4844194969202522,0.7194549749294917,0.0831866389752287,0.2504089244951804,0.0947408436326095,0.1577556538085142,0.0817189309770898,0.0416172858948508,0.0116342292855461,1.1121352712313337,0.5188143709586748,57.147529474894206,9.0871071721762,0.6854349424441656,0.1446241969425477,0.3413131182392438,0.0914672967889479,0.5532270260155201,0.1480599519572385,0.2824047423899173,0.0824350313441977,0.8112769067287445,0.1912996397563396,0.4146752921243509,0.1102249073212664,12.8,7802444.22,5.17037037037037,0.6919770773638968,30.839080269508358,20.647959556121112
48,1.5534702777862548,0.0788690486915902,0.1986512829860051,0.0949651315377114,0.1996512417371074,0.109465003070653,9.991623357931774,7.309466109044308,4.736645134290059,0.6246326623234764,0.682847549021244,0.1028966644288284,0.1827433343976736,0.074937329544595,0.1480864514286319,0.0699363452317816,0.0517432494244227,0.0136359274072844,1.184897140910228,0.4906728642773612,56.03331839243571,9.939201284991997,0.623962128162384,0.1390178809081745,0.3105760208020607,0.0928146757652614,0.5259961997469266,0.1443274561784028,0.2484897409876187,0.0736872996922402,0.8471703300873439,0.1922092432173377,0.3989253389338652,0.0963308160456679,16.0,3644376.73,5.2653061224489806,0.627906976744186,31.71621035558466,19.286922781413622
49,1.5920294880867003,0.0993693057344805,0.256309627306958,0.160318387551486,0.2443798830422262,0.1383455203709349,8.668324502309163,7.348014306323635,4.706634052594503,0.6516862311041213,0.6984696711103121,0.1117574317974162,0.2122978018596768,0.1100032674334672,0.1564205423618356,0.0820680468632047,0.0404061817408849,0.0137830521326099,1.4093615512053173,1.13208407890134,60.26347115834554,8.645576333356427,0.6894653394818306,0.164549225908793,0.3052527527014414,0.1180938797883296,0.5725784420967102,0.1589389086565754,0.2428442005688945,0.0869335546404234,0.8351018831133843,0.1581890043444723,0.3566827540596326,0.1117703509863954,151.2,202767.11,3.621495327102804,0.9122580645161291,30.09473691145983,26.541908382454324
50,1.5899589478969574,0.0836414327516192,0.3429716382175684,0.1357937221084436,0.2795554632941882,0.13427022826411,10.670647396643956,6.5764723241204885,5.068900382518768,0.5073705844071992,0.60780521184206,0.0899928633336135,0.2390096002568801,0.0792707248443508,0.1579453609262903,0.0886542997163625,0.0425450713684161,0.0120541909337701,1.82656140824159,0.8106533225718814,57.20753135681152,5.987556815010051,0.6935132741928101,0.1450614997106847,0.3516201482464869,0.1177992392519531,0.6562382673223813,0.1344171387399572,0.1698582237586379,0.061784320882726,0.9508739391962688,0.0921886097065902,0.2555898872514566,0.105863483613161,412.4,16435591.3,3.212121212121212,0.22012578616352202,18.088904618473777,3.7617085638149823
51,1.5873516102631886,0.083485027555835,0.3287858949353298,0.1167293895539765,0.254036383330822,0.1188539297546528,9.821355831623077,4.528964436842867,4.962253375848134,0.4353531775014148,0.6284840409954389,0.0683778926173533,0.2399791525055964,0.0821899132443279,0.1767943212141593,0.0898470963978836,0.0409107041389991,0.0125934765101332,1.696481854716937,0.5600115116311234,55.94864673614502,8.609784517292919,0.6747744033734003,0.1493474970125395,0.3424008756875992,0.1044002812440522,0.6439461121956508,0.1390888985835857,0.1691097187499205,0.0522390327354091,0.9555565138657888,0.0802958088499497,0.2612189460545778,0.0936894307101579,453.0,16211072.27,3.2121212121212124,0.2409288824383164,18.942508069876663,4.322868417415858
52,1.5806246519088745,0.094564652761824,0.3019085242102543,0.1306274410331888,0.2231382602204879,0.1084793409050644,14.038566692670186,10.649777899747797,5.106369590759277,0.5594915391120808,0.591125504175822,0.096547464282655,0.2731534120937188,0.1087478133741972,0.1705991019805272,0.0938553201560562,0.0410254747141152,0.0165769749414986,1.533295014500618,0.4807272338595877,56.94733994801839,8.920972988546788,0.7070420687397321,0.120981756039371,0.3969418940444787,0.0941484851773721,0.6614164809385935,0.1253545372516041,0.1858789967993895,0.0462734777714122,0.9379163404305776,0.1122785958014949,0.2693316532919804,0.0767132975433872,411.9,21361785.48,3.3854447439353095,0.25955414012738853,17.88077477127573,4.381474980442586
53,1.5527971267700196,0.086161279917135,0.3316068528840939,0.1337605769381033,0.2236749118814865,0.1599873246306284,11.394308280944824,9.871144743078126,4.916888984044393,0.687990505638593,0.6181580007076264,0.1126303184357143,0.1905489458392063,0.0736037572974966,0.1694759036724766,0.0849151552398937,0.0477713316058119,0.0150561895022506,1.7806235164403916,0.7538640117569416,52.81016286214193,8.87212353660898,0.6577051604787508,0.1477565080856286,0.3041589103639125,0.1122808584463052,0.6052624933421612,0.1596942698692787,0.1623267291734616,0.06655510277723,0.9261181379357972,0.1614070140800159,0.25219050484399,0.1057552323296034,1137.0,4866227.6,2.573221757322176,0.16151761517615176,18.67704017415092,2.8551533723018836
54,1.595740395784378,0.0919984552850561,0.1968136666032175,0.1086604447217469,0.2323729514299581,0.1415547941281247,12.08276853164037,9.30133054577107,5.073473878701528,0.5686183487767341,0.6233087494969368,0.1092786185377852,0.2604103092104196,0.1129033245780009,0.1599746778607368,0.0928954847489013,0.0449327748579283,0.0157126687668959,0.9995821674664817,0.4225393565343344,56.76245333353678,9.693473723190444,0.7249300360679627,0.1575506292918423,0.345947956914703,0.117343656956315,0.5429929306109746,0.1556545299678403,0.3021820163975159,0.0987682335991664,0.7551954795916875,0.1928527054102488,0.4127211930851142,0.0901678781998342,27.4,5300267.2,4.241379310344827,0.7479674796747968,29.559655458930465,21.361693513996773
55,1.6014779925346374,0.0894146006803667,0.2247110947656135,0.1243112669204184,0.221553638142844,0.107519414383801,8.929930265744527,7.597913498897905,4.8975717703501385,0.3967039913636619,0.685814592242241,0.0834058123603003,0.238733567794164,0.116143073383686,0.1520445364837845,0.0823452107158746,0.0402901337792476,0.0121114465427124,1.3007693563898404,0.5478709673211891,57.52183488210042,7.788241320522272,0.653142370780309,0.1284473578498253,0.3518501196056604,0.1360930368386831,0.5946486202379068,0.1473444334248231,0.2430102949341138,0.0827246785328083,0.9083939949671428,0.1625990752844286,0.3690746070196231,0.1002433391084658,57.3,,5.130841121495327,0.6120218579234973,29.480709197609688,17.43081655809992
56,1.591875813404719,0.0878750010462666,0.2209540006704628,0.1218702875293289,0.2326009104649226,0.1248652418469711,11.564452715714772,8.086365620262745,4.910840952396393,0.6458579412918672,0.6533073772986729,0.0938502628260768,0.2061589857563376,0.0860046443518567,0.150553450671335,0.0988069556463645,0.0440393762042125,0.0125241088028514,1.163603481153647,0.4752524758740606,57.94643758138021,10.01972041278388,0.6617128799359003,0.1582316484308319,0.3370244284470876,0.1106702592341655,0.5516778700053692,0.1575377981391098,0.2555350258946419,0.0779358246143458,0.8386243939399719,0.1704532383363088,0.38925752962629,0.0843923013798587,56.4,18396768.3,5.571428571428571,0.7793040293040292,29.47494782842486,22.19064157691351
57,1.5929566343625388,0.1029494132987219,0.258476353654017,0.1404759763027267,0.2442420152326425,0.1230017148325614,7.763361890117327,4.875259322274293,4.86228057940801,0.4464678346532028,0.6920832430322965,0.0828139291500073,0.2231360321243604,0.1238678645750652,0.1839129587635398,0.110856321298353,0.0422792446644355,0.0142019690704004,1.2839023672044276,0.8501756496001592,60.53180446624756,8.387007935263432,0.6396623616417249,0.1939977262424451,0.3351192598541577,0.1476355259877193,0.5354861346383889,0.171306509439507,0.23896150495857,0.0911971631693009,0.8506987164417903,0.1816330961684362,0.37843001515915,0.1057227167091242,42.0,3980871.24,4.689814814814814,0.7364264560710759,30.142469361971514,21.461285433396593
58,1.5956931463603317,0.0895890245975818,0.282191972408829,0.1174623953331203,0.2695902420272087,0.1250551248801639,10.802030949757016,7.745477648570633,5.037097791145587,0.5133486193988406,0.6285561230675928,0.0908893088934122,0.2455899467499091,0.1116640444332335,0.1475473019968846,0.0847264603038835,0.0452759354535875,0.0120323989747093,1.397992520496763,0.5919902600798702,60.87631146661167,8.495156311782655,0.6904996692620474,0.1524603902583489,0.3608698377321506,0.1327123036090278,0.6165019281465431,0.166144194067543,0.2278412557367621,0.0745123353851144,0.8944109837556707,0.1615708139528807,0.339652173991861,0.1075771251573734,530.0,1700815.29,5.41875,0.2675893886966551,22.426791155172786,5.733581946943582
59,1.5657706916332246,0.0866290505892874,0.3037490351746479,0.1549779212541303,0.3161702751802901,0.1651359043210528,7.784676078955332,5.952492639427961,4.6595300475756325,0.7299243265374379,0.6817846611142159,0.1226795693263585,0.184539512420694,0.1125410150075872,0.1664912611246109,0.1018237056022173,0.0456488509352008,0.0138969743493069,1.9203827361265815,1.8487374735761608,52.36505126953125,9.62487851809006,0.6595991646250089,0.1667441186734128,0.2959862938771645,0.1431320269194977,0.5980187498033047,0.1558876185007863,0.1857347871176898,0.0775592710195961,0.913390305141608,0.1380052834733242,0.2938414721749723,0.1159779035052211,683.4,1997786.84,6.614035087719298,0.3713527851458886,43.80058372321461,15.894115971485531
60,1.5519057653718076,0.0737313995152756,0.2494416807115204,0.1470464896833601,0.2900180227233697,0.1304642069300844,10.51202259932534,12.453335494427323,4.905987367791645,0.7141960118677462,0.641181902360108,0.1367667736380816,0.1738089389972767,0.0698282041749482,0.1331718970658415,0.0778442912664665,0.0448837664325611,0.0142302525568744,1.5531589530282102,1.07714655625968,54.14059797383971,8.730249708934679,0.6567892901978251,0.1535569066043961,0.3186776076080435,0.1025009167782199,0.5934528668048018,0.1278399785464203,0.2062773350941932,0.0797787451675156,0.9154433800002276,0.1192137073985447,0.3265580200921681,0.1183648051243154,1056.5,899194.26,6.315950920245399,0.40310830500242834,41.432429858966984,16.298648267577754
61,1.5715551575024922,0.0805148335376642,0.3087345023949941,0.1330772264584766,0.2815528241296609,0.1599041281514759,6.697675933440526,5.430797010876968,4.537246012687684,0.7044315700198923,0.7073961804310481,0.1065963675300394,0.1883595825483401,0.0760595790394682,0.1502747585376103,0.0973818497856708,0.0400075365789234,0.0116382579408581,1.5277156581481297,0.7964009286227048,52.167236455281575,9.983366478498995,0.623501542210579,0.1439294865550643,0.3297395686308543,0.1028881912871698,0.5819544757405917,0.1301090698176888,0.2128904912620783,0.0702204954541369,0.942168727517128,0.1594049470232311,0.3515159328778585,0.1174450103199044,500.0,842438.69,6.515503875968992,0.396192742415229,43.35854569746564,16.78214838459971
62,1.5630898654460907,0.0615755846406497,0.2973134471103549,0.1259769364276877,0.270950620638905,0.144023623971964,6.897460903724035,5.902754138194572,4.510200822353363,0.7413564193176263,0.7100988735755285,0.116072695231955,0.1709966206923127,0.0756975559037458,0.1535542372303704,0.1003708915054322,0.0429557154575983,0.0117775250651146,1.6539748936891556,0.7362736715137203,50.83905897140503,11.047270310568408,0.6531260490417481,0.1607813685945106,0.2981130627294381,0.1184245789577929,0.5920585602521896,0.1438698784825877,0.1924695391207933,0.075497501099302,0.9160272747278212,0.1245089903446889,0.3043145538618167,0.1214847747613403,1091.0,1540126.95,6.8164556962025316,0.3950789229340761,42.84730019302819,16.53298628796053
63,1.5693859855333965,0.0873949373634633,0.3323265638202429,0.1617784298684269,0.28716862249809,0.1523996678326251,5.403973737359047,6.003996478939154,4.43162169456482,0.7832822401643053,0.7253706395626068,0.1176867161827059,0.1936019602542122,0.0815392562730666,0.1732524832089742,0.0916483099888263,0.040308904958268,0.0136895162090937,1.8398324489593505,1.2216968827127437,53.14582395553589,13.158925774689171,0.6627803434928258,0.1450927325830401,0.300532241910696,0.1208827243443433,0.6280361423889796,0.1354836157603184,0.1848517620315154,0.0706481476365646,0.9564608971277871,0.1300813883990471,0.2881735994790991,0.1092872662921767,550.0,17367390.8,8.614987080103358,0.4109178164367127,41.6922182986393,16.721157489242906
64,1.551492911577225,0.084242918403006,0.2867586576690276,0.1483782303798571,0.3144696244349082,0.1387119649413495,7.495978927612304,6.869790356541584,4.584773425261179,0.7068110125756334,0.6986151531338691,0.1173746545792359,0.1751053531343738,0.0984602321034306,0.1472219001501798,0.1115613363684062,0.0452103148524959,0.0116563316285382,1.4333840320507685,0.658155853280842,50.45718943277995,9.140518723055544,0.6296160305539767,0.1719180561307948,0.3013364077856143,0.1157353340197628,0.5586363770067692,0.1750520184993305,0.2003686351080735,0.0604780125227085,0.886000823477904,0.1672024875413184,0.3313025150448084,0.0982162364417554,516.3,5396423.36,7.1484375,0.36393442622950817,46.62263626968373,16.6036479538849
65,1.5737773299217224,0.1003484650318921,0.269995124489069,0.1409713386723521,0.259800879311515,0.1436422281334372,5.689631518125534,4.063845621716481,4.571097459793091,0.7350886690888456,0.6922222119569779,0.1147265143808537,0.1859618601948023,0.0957239532171005,0.1732511942833662,0.1033052336099876,0.0426959537900984,0.0153135941669559,1.45235033929348,0.5121272586529556,51.78211555480957,10.166454155020068,0.6125591763854027,0.1718763265253144,0.3042069673538208,0.1155520497954687,0.5576559111475945,0.1630349336901073,0.1953744708001613,0.0749658273575129,0.9199929106235504,0.1565965224564529,0.3296952858567238,0.1102641764787958,1323.0,1114985.14,6.378299120234604,0.39425287356321836,40.62500307171378,15.622271325974513
66,1.5644374787807465,0.1013380178697076,0.2980492346454412,0.1233529827135534,0.3602189758482079,0.149698236524775,5.919417546192805,4.205928174583496,4.586803420384725,0.5254531017533247,0.7156992504994074,0.0942932655081187,0.1845122090851267,0.1151129088973536,0.1578298868611455,0.0871847199602821,0.040085914482673,0.0123768263247488,1.530867839852969,0.7433944841681748,52.40788809458415,7.712933324105101,0.6423094039162,0.1476760846396497,0.3059950808684031,0.1222556317528417,0.5769651884833972,0.1365912101565185,0.1978939876581232,0.0723769671754265,0.9077814817428588,0.1395675831027411,0.317082071925203,0.1141041310708775,922.8,91633.8,6.191588785046728,0.3652830188679245,41.82892427962265,14.914112717990461
67,1.585223340988159,0.0696295619956059,0.217295227991417,0.1258306988196518,0.2488630522663394,0.1151253398328923,5.4152209291855495,3.891414871166252,4.309406284491221,0.6565929471763263,0.7465048809846242,0.0737721263838037,0.2019171979278326,0.081332202509117,0.1395938300217191,0.0771724948736358,0.0443607745381693,0.0115332933347438,1.0416084696849188,0.3805017881248183,52.394670550028486,9.40218653881174,0.6501838579773903,0.1533274857289789,0.3460102044045925,0.1260525667003353,0.5200198295215765,0.143345071695175,0.2627893375853697,0.0764625820905745,0.8072872539361318,0.1856524305228364,0.4086693031092485,0.0974020219262122,4.2,493015.73,10.652173913043478,0.6122448979591837,31.37010661781358,18.593942827232805
68,1.563668002684911,0.0886262607521085,0.2666906310633445,0.1331529479457467,0.3157571985696752,0.1603441967871726,4.293304019172987,3.1191503911949323,4.090905658404032,0.5787185994266852,0.7869422823190689,0.057232669395533,0.1730915321037173,0.0935288060128374,0.1991915743798017,0.1226179703147486,0.0427815070841461,0.0165168865237322,1.2091214805841446,0.4408775693700865,49.564365736643474,9.267836536115192,0.5766307671864828,0.1728815089473164,0.3103079184889793,0.111591995944713,0.5058062088986238,0.1756707891202999,0.2228352929155032,0.0669063757969098,0.8756884763638179,0.1823312758101411,0.398135099808375,0.1119983232677935,3.1,4936988.47,11.97058823529412,0.597051597051597,28.913042571757938,16.665526646037293
69,1.560567279656728,0.0960457156843916,0.2417007077330102,0.1225206832336169,0.2902024966975053,0.1265653630122486,4.7788470685482025,3.5444421403902764,4.193266197045644,0.5983658425201197,0.7693478534619014,0.068258856084636,0.190865838744988,0.0950135731401222,0.1677755398054917,0.0753091813529594,0.042293447194,0.0151359231571734,1.1780810659130414,0.4467021040409783,49.31838938395183,9.55670007099916,0.594705963631471,0.1593493583159875,0.3353331656505664,0.1214145912969808,0.5169078280528386,0.1384992880522625,0.2376671412959695,0.0728549753020336,0.8830983743071557,0.1776901484652304,0.4038351530830065,0.0968005694327182,3.5,1526769.21,16.28,0.7321867321867321,27.80639386953983,19.627285929048817
70,1.5870855887730917,0.1177974866450765,0.2306584643044819,0.120335348312998,0.2308568463971217,0.1107046162425743,6.950522478421529,5.542247477172239,4.601088126500447,0.4933274812450112,0.7216435228784879,0.0778838975579538,0.2327109482139349,0.1154537725049264,0.162451752834022,0.0941930167044186,0.0406138248431185,0.0128364771193772,0.9181125288208326,0.3770946789386287,51.96312713623047,8.852135885417413,0.6719396889209748,0.1747656368435413,0.3504298521826665,0.1323835352577365,0.4866708273688952,0.1314480696021482,0.28820827404658,0.0939596595767912,0.7400726035237313,0.1716546348308843,0.4249262449642022,0.0848904940939767,5.9,788433.25,11.178571428571429,0.6709265175718849,35.64365162168868,23.243344538513174
71,1.5214245736598968,0.1120986774166051,0.3106919892830774,0.1797677762672225,0.2882456812929982,0.1618246593940391,7.794714915752411,8.702923538612687,3.9977063119411462,1.09786237109736,0.7426237419247628,0.1477394895132576,0.1427605598854522,0.0730244082487998,0.1740505664919813,0.0869552335141223,0.0496227593161165,0.0169169968563764,1.674288821220398,1.275780420348737,52.225492699941,12.222122414984987,0.575870472441117,0.1888782948393536,0.2514677638808886,0.103214876335978,0.5255416539808114,0.1938378513525366,0.1834920282165209,0.0811644064817076,0.906099221110344,0.1699205046392529,0.3316893313080072,0.123529715494225,287.9,6233403.78,7.412776412776412,0.8137222406363938,46.69072912914318,37.17956248327694
72,1.5548491537570954,0.0888804888696339,0.3331664531181256,0.1376159131543634,0.3110028311610222,0.1443157167334411,5.625471445918083,7.1553703750431605,3.813446976741155,0.9775329911739326,0.7657143523295721,0.1171933473501948,0.1743837003906568,0.074668280725995,0.1755617971221606,0.0930239466317576,0.0443828989441196,0.0146263905245252,1.4456830859184264,0.7870744097085268,53.46843795776367,9.171143975299705,0.6059494903932016,0.1665881754389147,0.2877987359960874,0.1108051621210257,0.5462514626483123,0.1731034245881253,0.2168243306378523,0.0816442072159745,0.9028550614913304,0.1733454094809981,0.3663049565007289,0.1275430590538304,692.5,3233984.08,6.746153846153846,0.500570125427594,40.650894767723905,19.848053367195888
73,1.5788820048173269,0.1111769403242323,0.2130230826946596,0.1119364821431687,0.2070472393805782,0.1128753629910091,10.583365537722903,9.932596302330689,5.126746030648549,0.4999091873265439,0.6308141817649205,0.1118441007289129,0.2209606972833474,0.1250627008843041,0.1266668589785695,0.0781635973751834,0.0465239143309493,0.0135751468528953,1.208416636288166,0.5186532292113842,60.26761010487874,7.7290901406886,0.6705402925610542,0.1742806732006334,0.3551112943639358,0.1591909507925275,0.5637933038175106,0.176960015958042,0.2570729664216439,0.0876092237692554,0.8385106523831686,0.1604645624093703,0.3891889102756977,0.1029725990822715,88.0,6665383.16,3.7463976945244952,0.9338461538461539,30.2268803464696,27.293409800472382
74,1.5676121453444165,0.1102598125872451,0.1792875383049249,0.1009409541677813,0.2036503432163347,0.1123078247854394,12.617348619302112,7.2321984935774335,5.058457120259603,0.6834638334056442,0.6106261238455772,0.1105352143442384,0.1982856162513296,0.1012678882166535,0.14275055937469,0.1144668488122552,0.0484622844494879,0.0142649900917846,1.1049293294548987,0.5086048613334461,59.09581254323324,9.036682479351176,0.6533902304867903,0.2256298906564267,0.3190073732286692,0.1333865620843549,0.5124484404921532,0.1877885141395577,0.2519464752947291,0.0949380353897765,0.7983022381862005,0.1834897839372379,0.3934996832162142,0.1040892083992534,77.1,6933.22,3.0873015873015874,1.2039417309340188,28.41907061398936,33.01096333560844
75,1.5786444325196116,0.0870727600674304,0.2506893769952288,0.1396526857747625,0.2683801990852021,0.1177562395807824,8.766905000335292,5.4914610165038855,5.069347481978567,0.4285617161594467,0.6350808410268081,0.092144832934175,0.1876815718255545,0.0902134061610094,0.169007472955344,0.0968208484885636,0.0462855627400833,0.0151010223649197,1.1435168542360004,0.5381016123021156,56.830362018785976,7.024124314802986,0.6243127830195845,0.1960176083087584,0.3146934455685448,0.117818497041399,0.5018330328820044,0.1692822118954692,0.2423622983328083,0.0864930001656891,0.8063331539170784,0.1621100219613862,0.3973100665107108,0.1070412003188715,78.5,1092392.74,3.13953488372093,1.1465020576131688,29.376123068298217,32.53328348488841
76,1.5791038274765017,0.0931670952757213,0.2506029128717879,0.1543513917842837,0.262128513213247,0.1421476670230483,11.544733012715977,15.786168625565326,5.014633325735728,0.6114850768880016,0.6411179510255655,0.1207783904926697,0.2055131136129299,0.1030850196507548,0.1573065772652626,0.1122627332404742,0.046137656395634,0.0143606111241071,1.4571697582801184,0.8354636431869626,58.52181701660156,9.212950759378444,0.6523053934176762,0.1692446789499248,0.3398211895177762,0.1481713174286608,0.5731155609091123,0.1746674733342581,0.2195549509177605,0.0856972779815254,0.8783368150393168,0.1442033900936172,0.3471250047286351,0.1222199211246609,19.5,10167654.77,3.5639810426540284,0.8484042553191489,28.93870702084048,23.703317924596043
77,1.5978511174519856,0.0799139751780467,0.200123575143516,0.1182201100893645,0.2279544582590461,0.1333680193987634,7.491256860891978,3.8916375737753226,4.369277556737264,0.6283756006225621,0.739751864473025,0.0713478545763942,0.2188006905217965,0.1032029764756052,0.1695677121480306,0.1020443099330934,0.0425064399838447,0.0137947644668489,1.0285152032971383,0.3772005531148721,52.555447260538735,10.349939005293908,0.6462867215275765,0.1774403155729866,0.3253439252575238,0.1012457768741761,0.52211534678936,0.1546663954949595,0.2743214167654514,0.0906149188873978,0.8248918796579043,0.2040753746399899,0.4262607850134373,0.0912956602945364,37.4,16505803.88,5.818181818181818,0.8446691176470589,33.534067343413675,27.48052195643122
78,1.5516940375505868,0.1024942282635374,0.2339258441638391,0.1555250249786894,0.2230510769127789,0.1342585905205503,5.831088837930712,3.376329893625001,4.217579922433627,0.5025440579546078,0.7601266705383689,0.0535273964395659,0.192726622004125,0.101481600832714,0.1544404322818174,0.0840438095696631,0.0496393987372265,0.0159738779449249,1.0451048743926872,0.3744398775037405,52.052460363355735,8.958906557062301,0.6175694233280117,0.1574204251262241,0.3278488342539739,0.1237082865859797,0.5092597659361564,0.1576894026192006,0.2632586675680289,0.1066756359565182,0.8218783221002353,0.1928134623956331,0.4174422126705364,0.1059695539529584,46.5,575526.35,6.302702702702702,0.7632933104631218,33.42506829304859,24.749837719393867
79,1.5152589519818624,0.1119259260624125,0.2400365156897654,0.1186977969937082,0.2556400623482962,0.1326425067120282,8.97036316593488,5.534853956047881,4.532585775852203,0.6724883918295104,0.7042877132693927,0.0832400358411418,0.1684763794143994,0.0848626795387458,0.1954902424787481,0.1400890088493792,0.0545405137973527,0.0209709592041523,1.306407213707765,0.562519151934097,56.48522097269694,9.680279642488204,0.564983144402504,0.1691224725888421,0.2980516298363606,0.1142654429703205,0.5068946274618308,0.16077600968554,0.2130728535354137,0.0864757575963337,0.8986960485577583,0.1588705240946711,0.3773603156208992,0.1025503846568441,148.0,13996585.38,12.704,0.5938287153652392,31.021329856005607,17.827527741947915
80,1.5339283386866251,0.1093853274644817,0.2247235176463921,0.1057675311094351,0.2327146145825584,0.0955816728642714,9.147487584749856,5.900061391811626,4.788357627391815,0.4937441663454035,0.6796146060029665,0.0788724934999445,0.1802536852657795,0.0923762019222102,0.1553910657763481,0.0871439019709707,0.0548159851382176,0.0168694195427839,1.2861970792214077,0.4559298269595447,55.57080707550049,8.148169122515869,0.6110169480244318,0.1690842404568765,0.2986908336480459,0.1152292738879741,0.5442263337473074,0.185005007527137,0.2236449472606182,0.0788719513073805,0.8871762658158938,0.1869751117307907,0.3733871813863516,0.1073248401779098,33.7,16946715.06,9.846153846153847,0.7526041666666666,24.776682202639403,17.894430095215593
81,1.5457876801490784,0.1055627520162068,0.1578609336322794,0.0981854323702913,0.192943328351248,0.1164913801566869,11.267926092942556,6.1438764090057925,4.425289984544119,0.6543831769033506,0.714398109416167,0.0907576680774748,0.1860887471586466,0.0995575883283265,0.1647180330008268,0.0904829563300631,0.0530037226465841,0.0189334489004956,1.440747814377149,0.8151860051115465,54.10966192881266,8.524629140836227,0.6042914335926374,0.1799896140214331,0.294759154257675,0.0999462846849476,0.5595366480449836,0.1853764596203315,0.2113321330398321,0.0773507359454453,0.9250738615791004,0.1519890090029483,0.3562330767512321,0.1084056527642294,84.4,23875911.23,12.381818181818181,0.5558002936857563,32.05009681825161,17.257652930555412
82,1.548920899629593,0.1091342808313304,0.2305093533281857,0.1322242690416551,0.2549078064039349,0.1265980454446384,10.182273693879443,7.767831674627548,4.615902431805929,0.8274370864897754,0.677497165898482,0.1141879145174861,0.1911932341288775,0.095740085948844,0.1667589485645294,0.1115734764813149,0.0542364728637039,0.0221479194546936,1.3904609148701033,1.0377075763130013,56.70337362289429,10.612886132954245,0.6312692801157633,0.1555914618780848,0.3054105131266018,0.1209552735036563,0.5394591127832731,0.1619693613968911,0.2414156577239433,0.0970721706781073,0.8625827458997567,0.1953724382834949,0.3834874412044883,0.1235618247891227,317.0,16295521.19,13.377622377622378,0.6283324621014114,29.0561806526766,17.62860906665827
83,1.6067475120226542,0.0740299546832532,0.2456659008205557,0.1355807675473317,0.2724815191080172,0.1289443391963523,7.932088265816371,5.304000545226605,4.72034242550532,0.5857778181985724,0.6902202645937602,0.0877600438729842,0.2584989920258522,0.0934996639439672,0.140929899799327,0.0831997968012971,0.0440334550415476,0.0143146177991114,1.006045765678088,0.2994359332940483,58.74237925211589,10.295427530546648,0.6865173896153768,0.1417349221285422,0.3914739159246286,0.1253220080161851,0.568640819688638,0.1236180117647073,0.3034347839653492,0.0889708518415502,0.8340982129176457,0.1648042453811239,0.4371845868726571,0.0952348995835712,91.4,6823580.46,7.546666666666667,0.6916961130742049,26.13030126175894,17.382531703142448
84,1.550814007813076,0.0998883888895132,0.3129438168878825,0.184292961483016,0.3394621690770365,0.1830967366293071,7.593081382085693,13.80629259021979,4.593445431511357,0.7183633141669675,0.7103178804775454,0.1260788152405321,0.1776609555027395,0.0840539616493118,0.1787449185437751,0.1242181898073427,0.0467558055764661,0.0179269407740824,1.329749562830295,0.7456831159549605,56.49202364795613,12.802510677660978,0.6308960265146112,0.1729974786256282,0.316188154636689,0.105057483797583,0.5316370675023997,0.1519814724420098,0.2211511691786208,0.0790027804607394,0.8469857922140157,0.14314042860324,0.3642084393298851,0.1188596541993238,377.0,192125.06,9.993333333333334,0.3762508338892595,42.500294482935566,15.614520405854341
85,1.5659372707207997,0.0772514860356657,0.1965487166152646,0.1183765079163584,0.1823707053282608,0.0881413142831248,10.33431574900945,8.322647852305936,4.978982484340667,0.5852869030932,0.6229838728904724,0.1129748521949777,0.1817152531817555,0.0843297492850951,0.1433617246337235,0.0798972758775393,0.0493642273359,0.0129081408904278,1.5162834773461025,0.7763517812146643,54.270654106140135,7.321301591576715,0.657782277961572,0.1551038140738194,0.296076150611043,0.1053365299109976,0.5974505384763081,0.1393875994514899,0.2070201550920804,0.0664138585568015,0.9163169552882512,0.1352477802052492,0.3233479323486487,0.0996608502010599,33.3,35118904.89,4.6,0.66049953746531,34.60038725389769,22.19304023985472
86,1.5645195960998537,0.1051675710752165,0.3696031976491213,0.1399800586531965,0.3121478735158841,0.1513057002324732,11.666268833478291,7.784585486876209,5.0893141229947405,0.511158923249105,0.599276236196359,0.0875496512920784,0.1937732402235269,0.0943538379677449,0.1781890920673807,0.1079391127383606,0.0475471401587128,0.0151373874146101,1.996044039726257,1.0306602122349156,56.75156930287679,8.391355412603014,0.6137172962228458,0.1764902636771762,0.2682043485343456,0.1166987097878859,0.5814786250392596,0.2047057564240937,0.1516866143792867,0.0587499380751224,0.935181321700414,0.1828842987017788,0.2675785154104232,0.1211137900083422,2251.1,5397186.87,4.0,0.1662087912087912,23.219098861827906,3.6930095635730447
87,1.5950897614161172,0.0952339585084616,0.2383861533676584,0.1105415310796543,0.2227407018964489,0.1175122675383475,11.89648247162501,8.454958966240163,5.16891774336497,0.5527417803304204,0.6077537154157956,0.1073658970604762,0.2226272146527965,0.1125540499216592,0.1206080290799339,0.0679001912590465,0.0419041040198256,0.0110085654764625,1.5840235913793246,0.6870993330874016,58.84365933736165,7.848117127250058,0.6681193262338638,0.1628971562771308,0.3344735357910394,0.1176182966955173,0.6104121550917625,0.1739814799169733,0.1991002200171351,0.0686640696138726,0.9105462118983269,0.1492592239866173,0.3075205069035291,0.1065101838855008,843.4,39707247.47,6.487684729064038,0.32991647684130604,28.87861782692716,9.197615372665037
88,1.5787268539269763,0.0925678604995166,0.2115876036230474,0.1414943629103201,0.1793037562941511,0.106157331122022,14.453820248444876,9.412039338099753,4.6048258980115255,0.7080888348236934,0.6788111820816993,0.1140692510147747,0.2171124120553334,0.0977035983729038,0.1910363018512725,0.0872377847014857,0.0423619692834715,0.0169522082076401,1.0861264745394388,0.8525119013668304,52.15126819610596,9.152725579810632,0.629972550769647,0.1294544512403277,0.3099510005364815,0.1030127172818669,0.5087114778657754,0.142737359911455,0.2625182814896106,0.0814714041709659,0.802712586025397,0.177539358312129,0.4159313524141907,0.1024392243236703,100.1,6719237.68,3.342857142857143,0.6119658119658119,26.19848917525899,15.420613888449092
89,1.593357547124227,0.0883788667209983,0.2995051350910216,0.165253520278486,0.2319029952554653,0.1519995356521425,12.462192976474762,7.038789028881831,5.114865557352702,0.5116941916144335,0.6167901689807574,0.0873369484704532,0.2056661222750942,0.1007765546175603,0.2004222197458148,0.1191319686933775,0.0407750708051025,0.011765702229246,1.8448180829485257,0.8725572781112969,59.71818599700928,8.918839255054552,0.5842725897828738,0.1781105574161534,0.2868057469526927,0.104495794980519,0.5856084341804186,0.1912890310604313,0.1614036474997798,0.0548556204080872,0.9990427295366924,0.165834071320374,0.288920742770036,0.1021075678369085,613.8,5510396.5,6.390410958904109,0.4587352625937835,22.95681510229038,10.072365341672329
90,1.5769656797250111,0.0829375177490766,0.2523264593134324,0.116632471350065,0.2157531654462218,0.0920940653174651,15.517838966846464,9.585971953981565,5.341238335768382,0.534605551112023,0.5530009071032206,0.0937912284526643,0.2129161107043425,0.0789545961672409,0.1279873330146074,0.0632813847017881,0.0493772759102284,0.0109006305219715,1.8538876056671143,0.6497227054532234,57.00765323638916,7.645720617393499,0.6485387216011683,0.1615404218420464,0.322625682875514,0.0964222137112341,0.6532676686843236,0.1587747991091624,0.1689612980931997,0.0539784849210757,1.01295219262441,0.1272631692892429,0.2774772683779398,0.1118204672506395,1015.2,23632905.44,5.134065934065934,0.3261986301369863,24.242828019211267,7.581778660376278
91,1.549718169371287,0.0912504664129136,0.2035129064694047,0.1127482062182433,0.2369294704869389,0.1396945607883768,9.688416218757627,7.398763168993374,4.79407297372818,0.6992299437076492,0.6726627677679062,0.116004465696203,0.1714783022801081,0.0871535350969988,0.1396864037960767,0.1012024691861818,0.0519232959176103,0.0170736183454875,1.2196736420194307,0.4928200684557905,57.19263413747152,11.051934947200571,0.5955922623475393,0.1516176705510342,0.3339542955160141,0.1232688983989013,0.522332065552473,0.1634206065608001,0.2234703856209914,0.0790548057135287,0.8768446271618208,0.1947831522305468,0.3769085341443618,0.0949606913227112,48.5,10145517.51,3.4875776397515525,1.0471950133570793,31.793981419589368,32.24730378400454
92,1.6000086903572082,0.0934465772934572,0.201811215452229,0.1097780814506609,0.2097198315585653,0.1077419672631502,18.362977608044943,10.766980182002486,4.8055875698725385,0.8847314593816776,0.6335264295339584,0.1265047931291034,0.2162360079586505,0.1161919850462433,0.1609652398154139,0.0785738281911386,0.0446688174270093,0.0163501331739355,1.562248021364212,0.8037172887509401,58.33243751525879,11.17610560295877,0.6350550432999928,0.1701073392710385,0.3071808880815903,0.1140336078069476,0.5688640117645264,0.1825415523440806,0.2009892075012127,0.0844582419496941,0.8924478699763616,0.1596362131089906,0.3232450727373361,0.1230003893697058,79.3,13037233.58,11.54491017964072,0.5394190871369294,45.876188866135045,24.207072832355003
93,1.55958944161733,0.0917411769737338,0.2701591651886701,0.1086998511104107,0.244479502333949,0.1247808275854964,9.552470707893372,7.329243893848557,5.022292896111806,0.5236070356468147,0.6404970313111941,0.1064087001839052,0.2172354546065132,0.114717786692309,0.1275423765803376,0.0737459827706082,0.0436221397481858,0.0145992123390784,1.244219473997752,0.4477805476157404,59.22114372253418,6.887598938872388,0.6752147972583771,0.1727777403075216,0.3700639739632606,0.1394422650843284,0.5785849834481875,0.1408281817683588,0.2440549167493979,0.0779646908896011,0.872655563056469,0.1436979468463424,0.3683485090732574,0.095910427196242,129.8,2287629.4,5.2043596730245225,0.5863874345549738,38.723195101972884,22.120407599062634
94,1.5696738064289093,0.0971914404992094,0.2490750266239047,0.1444307290340472,0.2688122564305862,0.1385604972201272,10.1938634177049,8.369189631691896,4.885856016476949,0.510738151762098,0.6777079343795777,0.0950254184449171,0.1926361151660482,0.0994937132366654,0.1495998101929823,0.0907749296507995,0.0455975083013375,0.0121157172509911,1.4129900917410851,0.6927269463811144,57.621315002441406,7.873260154881007,0.6213462953766187,0.1637368532507777,0.322827926898996,0.1269943186952676,0.5390331156551837,0.1713946370660381,0.2063171461845437,0.0726266213063213,0.8713864624500275,0.182293730399035,0.3371495420734087,0.0978193316486762,21.0,8811748.35,4.789189189189189,0.5507900677200903,33.11396701601875,17.688054067513715
95,1.6402919948101045,0.0976204403000717,0.1987186623116334,0.1111657827931992,0.2366613463188211,0.109292406206482,9.534682166576385,7.068841016010702,4.760064852237702,0.45867264791979,0.7048938994606336,0.083030397738177,0.2990999969343344,0.1299727846323686,0.1729988694190979,0.094960104213844,0.0365590500334898,0.0120430117558068,1.1771569798390071,0.4249277492671323,57.16347363789876,9.149677102454516,0.6910469601551692,0.1573208909983844,0.388443814466397,0.1265508672443225,0.5962787290414174,0.1520101744396933,0.2811750159909328,0.0932901652343528,0.8792495960990588,0.211500203661518,0.4065019930402437,0.1006216864485761,32.8,4604558.64,3.9358974358974357,0.7958740499457112,29.771887198428477,22.898798389194436
96,1.628470104932785,0.0864327087636017,0.2428803019846479,0.1191887907077764,0.2582694498201211,0.1395795059453882,7.709529195229212,4.676161216142981,4.722679086526235,0.53022504574475,0.7067422941327095,0.0778099383861395,0.2529075354337692,0.1224641490470558,0.1666465692843,0.0993564608026054,0.0386528380370388,0.0135817404555404,1.0962919722000757,0.4700134277494797,60.75819136301676,10.139558998289353,0.665282075603803,0.1557010236507585,0.3627955709894498,0.130762456966418,0.5454527340829373,0.1654116680503526,0.2741577289998531,0.0931669746254235,0.8159384906291962,0.1903678872781357,0.4084100067615509,0.1001850898643444,24.3,1181319.94,3.861111111111111,1.0959232613908874,29.79368788850576,31.555672338242527
97,1.602990499997543,0.0824127480342346,0.2103156110240241,0.1072025897984459,0.233216754965863,0.1008204508064247,9.333272836976132,5.7971292946487765,4.79543215137417,0.5843901399851784,0.6837072165335639,0.084984287764274,0.247914120933767,0.1127032154851705,0.1565054783250315,0.101231304326085,0.043194619922946,0.0120347322895693,1.2641649827108543,0.6251555045292237,59.89269890219478,9.24346028913221,0.6799339556087882,0.1709674442249491,0.3641860176951198,0.1191349188526844,0.5804110770508394,0.1592029263239313,0.2552257442878464,0.0869414432683246,0.8632854622299388,0.1819286622805655,0.3838796791131214,0.1178433936456162,19.0,26586.03,3.5960591133004924,0.9315068493150684,28.357200905255027,25.48342002133345
98,1.6194042205810546,0.103425931676503,0.2519253230343262,0.1339536357532314,0.2289922614116221,0.1145004282351461,8.382884134848913,6.542563778224686,4.856455055872599,0.4964660957126793,0.6798932368556658,0.1005664988115894,0.2619055245692531,0.1319777242204943,0.1749568397179245,0.1123623068648652,0.040085528511554,0.0132851932510867,1.1271016761660575,0.5070894763946016,58.274309666951496,9.348031430379864,0.6610826248923938,0.16990981392919,0.3639834723124901,0.1461465587930475,0.5430161580443382,0.1678930741048772,0.271212673621873,0.1051323352652475,0.8288377081354459,0.1846072959341669,0.4070329109827677,0.1128963954872451,36.5,1741688.63,4.3568281938326,0.8816986855409504,30.814807073447362,26.28767620631557
99,1.5606575985749562,0.0898943741754969,0.2277722210933764,0.1063912307932213,0.220927496937414,0.0999013468855785,13.613217175006866,9.236434312420466,5.315616599718729,0.4737037887361268,0.5839747115969658,0.1034775342728227,0.1814260169863701,0.0889399386469992,0.1283400750098129,0.0681644872198715,0.0544187859321634,0.0131414540536747,1.408667054772377,0.5436424253128719,58.67645753224691,5.625211625036392,0.6180999433000882,0.172685238301929,0.3220662899315357,0.1290285629824234,0.5486098763843378,0.1628142295631359,0.215236014376084,0.0797495787733139,0.894338055451711,0.1620990342910152,0.35324342623353,0.1011035929020789,18.8,5222797.22,3.282511210762332,0.6885245901639344,28.529086345872187,18.95445289387921
100,1.5734642803668977,0.0929323814789029,0.2489063315714399,0.1394221744799063,0.1748587985755875,0.1190924476524454,13.026658034324646,9.142636893754185,4.816104471683502,0.7650561981936482,0.6513636390368144,0.1113154106875012,0.1876436156220734,0.0957286331264451,0.1319556882604956,0.0779265919404956,0.0435890774863461,0.0122948943072916,1.3498642509182297,1.0344710019358574,57.23986873626709,9.855289517800156,0.6592714553078015,0.1893106023452196,0.3171179072310527,0.1254581391648435,0.5213347218930722,0.1537841540928051,0.2179170120507478,0.0881007043208721,0.8175451114773751,0.2071144667015325,0.3375266895939906,0.1089804690818831,3427.8,1823742.36,6.898186889818689,0.2591993530125353,33.80315533828378,8.502556640452852
101,1.559352526664734,0.0912616033245,0.3384590034559369,0.170214862080565,0.2652637703157961,0.1666164799960871,9.502896072864532,6.847016556443734,4.89973394870758,0.7138010847903852,0.6362732082605362,0.1187799326409547,0.1821014548838138,0.0792988723606651,0.1590469811111688,0.0964264413179862,0.0449155461788177,0.0157910630522813,1.4560364961624146,0.5748868310376158,57.24580665588379,12.067036126717078,0.6094175410270691,0.1616058387869822,0.3017434032261372,0.0877206306686831,0.5514521035552025,0.174509413631553,0.1870101681351661,0.0671824888494472,0.9129130220413209,0.2060523759022314,0.3160935164988041,0.1003997918544183,5608.5,1206894.35,4.8403796376186365,0.26060606060606056,32.57528553162839,8.228710774909215
102,1.5676594138145448,0.1101402645779093,0.2134057831251993,0.1263673229553371,0.240778453151385,0.1358722896198656,6.619416530927023,4.166408283847585,4.49147226413091,0.5457179682608861,0.7235589067141215,0.0694614599116437,0.2024330966795484,0.0913018454506754,0.1699204138169686,0.112808206111636,0.0471781622928877,0.0146431507819529,0.8616055558125179,0.4132062717119202,53.97887744903564,9.67111460611866,0.6723011252780755,0.1665109645321343,0.2996866354097923,0.1102388737913665,0.4433810340861479,0.1196582777539594,0.2973033835490544,0.1106949746932498,0.6840302521983782,0.1989558267571462,0.4324872590601444,0.0886414900028627,13.1,6939803.44,5.985507246376811,0.728813559322034,36.03936943948899,25.537167557593676
103,1.5414285441239677,0.0909350820502406,0.2206232452765107,0.1398275561355027,0.2300391494548724,0.1512287366345592,7.197083787123362,3.70845771916298,4.4540320118268335,0.4953371170677522,0.7308594226837158,0.0683040244253111,0.1813977565616369,0.0801869180113875,0.1723498114695151,0.0960765553463758,0.0444548521811763,0.0161478260199244,1.0750331635276476,0.4882349256259364,50.80714028676351,8.336479500767675,0.643801552305619,0.1606699415587961,0.2941281568259001,0.1072244449477693,0.5052356994400422,0.1411066104489058,0.2517110168933868,0.0853737077982775,0.8014588850239913,0.1887809483873862,0.3926689602434635,0.1073039075596063,20.9,7204273.9,5.1683168316831685,0.7643678160919539,38.901093192118424,28.970375830757185
104,1.5428015768527985,0.1089623311433345,0.2058174127712845,0.0988458863803787,0.2222536237289508,0.1189805684214182,15.925613391399384,11.859901695463808,5.266857691605886,0.6413710019872557,0.5650301193197568,0.1193936585549697,0.1852919975916544,0.0916423815738026,0.1500487345581253,0.0864619015698997,0.0521125826984643,0.0156029606727596,1.5443628003199896,0.6676835593239588,55.32894566853841,9.34565131471066,0.6418910225232443,0.1518002668379843,0.3128502176453669,0.1238439775055733,0.5863016679883003,0.1532388748482899,0.2022998822232087,0.0803506331365024,0.9199716910719872,0.1659463624668147,0.3217904138068358,0.1145889393573601,20.7,12413847.38,4.0094339622641515,0.7952941176470587,31.957233569326252,24.62010575631123
105,1.5811048989393273,0.1063209130716592,0.2326506857893296,0.1385619116847198,0.2150383514105057,0.1179797303435015,17.4254414305395,8.690053260790153,5.36369208900296,0.6046696288762796,0.5632265970414999,0.1000663287021361,0.1828494477180802,0.0940916335915574,0.1257703310372878,0.0816749599228622,0.049693006489958,0.0169922665297031,1.608377820983225,0.6407656785193615,61.8352191691496,6.311849451452355,0.6676006901020907,0.2013564007308155,0.2959240267471391,0.1075907909725808,0.5830672629633729,0.1787975023029772,0.1992692723870277,0.0767028949734079,0.8791023480648897,0.1338144265253786,0.3094924931623498,0.1066471415184345,53.3,3403564.97,10.225165562913908,0.7396373056994818,42.02716987881857,30.345225389644305
106,1.5737146854400634,0.1238322441946924,0.3673789316167434,0.1842615354234359,0.2966448081036408,0.1298522326864978,8.937790089845658,7.565064192473443,4.865680575370789,0.5888079052220977,0.6697663734356563,0.1064504712658572,0.2203090475251277,0.1096526163745934,0.2004345177362362,0.1177171323524966,0.0414469893866529,0.0161438034560248,1.4925974736611047,0.5110803786269765,64.75164686838785,9.73837194478474,0.6140194001297156,0.1647935842119883,0.3212223216891289,0.1288890899163353,0.5738863771160444,0.1650982595536009,0.2019582744066914,0.0801970993701398,0.9381520410378774,0.1252970904594545,0.3285221067567666,0.0950726159580472,536.1,1467964.71,5.778816199376947,0.3412398921832884,23.83470006727493,7.792110588994626
107,1.5808218596345287,0.1292938753486913,0.2417836000637735,0.1199243418721165,0.2247413488073369,0.1247152127510481,11.422162753040508,11.24504474981146,4.901093487012184,0.8307033282156585,0.6393202997870364,0.1394441540613758,0.2343812133264491,0.1107459252930262,0.1563051830408937,0.1050252094223387,0.0410174639990269,0.0180330764424196,1.3991635194269276,0.8360246318508254,64.52525866233697,10.19856394114368,0.6754702286700071,0.1530520017116992,0.3401234562240414,0.1229922268818343,0.613239623479924,0.1450780774659333,0.2413729272025116,0.0815064032659172,0.9145293766159124,0.1432532991838451,0.3578834954838631,0.0975998305874165,928.0,52288449.5,6.2548435171386,0.5449130331188944,44.028510293924064,23.44679605484973
108,1.5630914588769278,0.1051525367922137,0.3031717017681027,0.1793066350403899,0.2532216861533622,0.1729565875761656,9.203598169485728,6.493262837896842,4.681055243810018,0.8260405183089551,0.671587165693442,0.1241660912722985,0.205682926516359,0.1005570558866683,0.1884944216658671,0.1307657709048227,0.0430766492461164,0.0172275749032177,1.3214456140995026,0.7068858802414568,62.059880065917966,11.49824006638869,0.6346010272701581,0.1635280017080801,0.323275940430661,0.1394028343539446,0.554678795238336,0.163229734458296,0.2285520651067296,0.0887756432778626,0.8670546899239222,0.1595955746694815,0.3584474626928567,0.1069637200055634,894.0,1615598.28,5.54654255319149,0.39702709182450246,44.29732015081394,17.19020910327209
109,1.5989481031894683,0.1191086819941229,0.2469320801125528,0.1431820794085904,0.2611766389260689,0.1174339952407826,6.954924275477727,4.807393946684827,4.813167480627696,0.3933648524832474,0.6995282794038454,0.0764295102681105,0.2509079510035614,0.113484845168245,0.1491317097097635,0.0882709116662383,0.0450003112045427,0.0136823345843308,1.38796269595623,0.5105820574341912,60.819078572591145,9.513298771249476,0.6888168672720592,0.1900082228318519,0.3544619296987851,0.1260277108158051,0.6183815740048886,0.1842590710085241,0.2396687924861908,0.0815731204916258,0.902338370680809,0.1669890711679086,0.3597971891363462,0.1176483883690748,8.2,6675504.95,3.6470588235294117,0.8483870967741935,31.745890210266403,26.084416533226012
110,1.521329361200333,0.1055623137694066,0.2008273716744346,0.1242209837838927,0.1497038717071215,0.1099381433664742,24.88885405858358,16.52037813564337,5.573406080404918,0.6215500764863079,0.5016189160446326,0.1298358774517886,0.1446361516912778,0.0810429838066118,0.1113840014052887,0.0601564972259311,0.0528091839204231,0.0151735373643962,1.6719271004199985,1.1328197032683145,58.53798535664876,7.199481520662844,0.6401231909791628,0.1634871416843329,0.2573862167075276,0.1212856807263567,0.5467762216925621,0.1793674362155538,0.1716947946697473,0.0649970281987025,0.8426312277714412,0.1457702038744374,0.2816555896153053,0.1106173715860508,376.0,3008009.53,3.042016806722689,1.5878453038674032,26.07740688809307,39.81904276043065
111,1.545163744688034,0.0908043198692911,0.2509370053497453,0.1550699405439325,0.2559340205043554,0.1493794163293223,7.074258355299632,4.024822737020873,4.2264577627182005,0.5451495505999977,0.750667904317379,0.0723073548954241,0.1718805051098267,0.0762856175337507,0.1888410668199261,0.1053984569251815,0.0485373361501842,0.0175010324191596,1.2550795048475265,0.5576905802359681,49.02235749562581,8.928630060800707,0.5989688883225123,0.1391081601226925,0.2811508744955063,0.1027498239359977,0.5175088656445345,0.15360864426321,0.2358073285470406,0.0956581759341477,0.8790991177161535,0.2194321294961185,0.3887645736336708,0.1074246261496899,51.6,8852504.29,3.48014440433213,1.0031120331950207,26.893681397459424,25.97426339350961
112,1.5486629525820417,0.0929364616864893,0.2126679709025969,0.1273295354235951,0.2779491994529962,0.1292673553881296,7.005761078993479,7.537944556331191,4.133781961599985,0.6890754041725419,0.7524985348184904,0.0863323538174287,0.1759720943247278,0.0817710345444563,0.1740350716436902,0.0912102487590528,0.0499790789869924,0.0158469952194752,1.0965646867950758,0.4443565497978287,51.57296889623006,10.93122099875882,0.5943689604600271,0.1559079091118977,0.2930855557322502,0.1053535023493679,0.4941707166532675,0.1568419495149864,0.2418130851040283,0.078102366379443,0.836297819018364,0.1922177898189,0.4079753781358401,0.0926804641432266,63.4,11997297.51,3.7142857142857144,0.9725274725274725,28.38584962168785,26.633491115597526
113,1.5225222253799435,0.0917858678217647,0.1906196534633636,0.1065857937463885,0.2039286234229803,0.110496988749739,16.72357873916626,9.412824305399456,5.123579201698303,0.6294035947397089,0.5851220405101776,0.1059065786537642,0.1594410544633865,0.0708732391770328,0.1681761478632688,0.0932457426467082,0.0564572996646165,0.0138151680276685,0.9484642308950424,0.4108134488041751,52.089071350097655,8.80489171412653,0.5595069476962089,0.1731061889810106,0.2718678998947144,0.0800808678079313,0.4203543236851692,0.1321049401872146,0.2476866632699966,0.0928830469927427,0.7720512485504151,0.1912745645346806,0.4403996694087982,0.0916648415883349,18.1,,2.902654867256637,0.6493902439024392,25.98490185236553,16.224951507786155
114,1.5554990728696187,0.1052904836410226,0.1874510403101643,0.0988276948327127,0.2180261969566345,0.1105858247752605,11.967726769049962,8.605345263986443,5.000428036848704,0.5870396869818869,0.633393062154452,0.1122879291381769,0.1816646285975972,0.0898182428128449,0.1516530205806096,0.0850578585907221,0.0516239510538677,0.0154704800310249,1.1726335222522415,0.7411071299511728,55.54884770711263,8.65434640531806,0.6576946198940277,0.1927722207051867,0.2995659256974856,0.1166892620470847,0.5056575189034144,0.1732202490654222,0.2517397541552782,0.0934759277102202,0.7778953318794568,0.1939853117847587,0.3889580056071281,0.1088358085180677,13.5,2450691.64,3.508287292817679,1.0204724409448818,27.668328889441483,27.21429467772926
115,1.5464314788074818,0.0978078657828805,0.2202255820571366,0.1268885351538132,0.2340007993566282,0.118279854608783,13.327025771141052,8.063474371840313,5.027411392179586,0.6060151860624873,0.6232412078623044,0.1017084607503978,0.1831164191461215,0.1097869085113675,0.1515213169662629,0.0902717156219322,0.0531878658743985,0.016291793799865,0.9563490687790565,0.591906894884361,55.06531770350569,8.86534774389938,0.6320434379375587,0.1760881574437013,0.2992944333512904,0.1020909413883686,0.4432242399050017,0.1372756618898122,0.2553083051816892,0.0898070790001454,0.7072716572527158,0.1601361428508446,0.4069973585211625,0.1031564759516346,10.9,3238311.53,3.7380952380952377,0.9124203821656051,29.323753826033492,25.843170290313996
116,1.5631258229414622,0.0863231457645152,0.2365049841192861,0.1433814329771358,0.2542546760911743,0.1356611806286728,13.713561940193175,11.292922553096243,5.100395774841308,0.5732711657625726,0.6256772016485532,0.1240521008149979,0.1900896102810899,0.0989882709022831,0.1648827934016784,0.0896667246583415,0.0483457210784157,0.0159521208037905,1.2873426283399263,0.8058861337157819,57.873278045654295,8.69736528746744,0.6207355926434199,0.1822206269172073,0.3160936555514733,0.1193577235589922,0.5042128210266431,0.159692873701203,0.2258263085658351,0.0914641233711091,0.8198853477835655,0.1773655731650278,0.3721333159754673,0.1297273966690387,12.2,13081064.54,4.171779141104294,0.8235294117647058,30.538536156751864,24.325853305560358
117,1.569365541813737,0.0802961979137965,0.2122548740925425,0.1228221007180791,0.2348065983693478,0.1461027682907775,14.433439986180453,12.142004551432928,5.130216582346771,0.6126339591217362,0.6105331546169216,0.12537141890781,0.1802314098103571,0.0884684601835153,0.1286703622821023,0.0929628977108566,0.0549245740650063,0.0174617847868285,1.1332450655557342,0.4986623229021684,55.53623471017611,8.558273285931994,0.6070327162742615,0.1668834113745518,0.3232089114391198,0.1117776167618398,0.4880639031781988,0.1434097948360032,0.2403632960582183,0.0922446926662831,0.8160982647184598,0.1647283636129256,0.3936911717814914,0.0996531025676775,11.2,3219955.48,3.4942528735632186,0.9342105263157895,28.174667466935656,25.38686039674252
118,1.576350478331248,0.0785312122337666,0.2184162380173802,0.1151469767717147,0.2362472508723537,0.115698878719967,10.467028218507767,7.54675998123969,4.919282948970794,0.5544030877575018,0.6537248651186626,0.0932247227971729,0.1954196742425362,0.0917833171436609,0.1407545943434039,0.0824200612169626,0.047697534567366,0.0114181001305105,1.304987500111262,0.7531685221288206,58.14460506439209,9.11838808685046,0.6697582354148229,0.1850918760318078,0.3311293714990218,0.1341437624860225,0.5506667030354341,0.1525164577195089,0.238477675554653,0.0871542668910748,0.8362345760067303,0.1522516998967659,0.3654204484075308,0.1102221160559117,26.5,34407867.59,4.184357541899442,0.7636849132176234,26.122712384456168,19.185836427114726
119,1.5568264056060277,0.0878113244975108,0.2013940536338141,0.1045818057714632,0.2538504313235565,0.1284831493233954,10.632126545501968,8.456128484118082,4.9218248108686025,0.4529583453820364,0.6606549110453007,0.0871038363051818,0.1845907976187892,0.0874689568358833,0.1372357067352129,0.0946701674600159,0.0517224691239959,0.0143415696297731,1.1781153638484114,0.4187783672262152,54.143760487184686,8.96179141174798,0.6291967913255854,0.1721721004847339,0.3319999335680977,0.1124695303290885,0.5328056865324409,0.1490379267032585,0.2378924381682428,0.0825209522241409,0.8591581658791687,0.1672167226962704,0.3820733496193158,0.1007120328170934,12.5,3997616.97,3.597765363128492,0.9627329192546583,28.749118807610667,26.714990156395363
120,1.5689299205938976,0.0931556970458726,0.2398964284608761,0.1415135056305912,0.2232524579080442,0.1288168300324969,10.511459038654964,7.352409871463357,4.975773048400879,0.6954470773831067,0.6326533322532971,0.1112993599588235,0.1876386161272724,0.0798664955741073,0.1218144916618863,0.0723717733488409,0.0512798978326221,0.0153326941611911,1.3116881812612216,0.5148295669352572,60.49782174428304,9.472619448923329,0.6166626550257206,0.1527241168837697,0.3329396399358908,0.1030850204272352,0.5550116077065468,0.1556378118540782,0.225160214677453,0.0766342360768488,0.9137262269854546,0.1946102128897096,0.3692121674617131,0.1024000690474352,33.3,259829.82,3.4650205761316872,0.8099762470308789,27.171624484534558,21.19839417868476
121,1.5547899226347606,0.0960289205032906,0.2202970719585816,0.1387495457175507,0.2019185749813914,0.1182106442918071,14.461945335070292,9.213478736439152,4.80770541826884,0.6696137044357661,0.6491094112396241,0.1090587509671351,0.1785530366003513,0.0830077069938086,0.1695024602115154,0.1078906664201594,0.0511675684712827,0.0157785088540093,1.2668453603982923,0.6746120721797387,52.60812931060791,10.426539667144697,0.5751258025566737,0.145111073984405,0.3125302939365307,0.1057214615356217,0.5062095413605372,0.1452877957658201,0.2227580326298872,0.0839791240538747,0.8820139278968175,0.1576524324682043,0.3916344334681829,0.1167028518485977,17.6,5240933.14,2.8955223880597014,0.7113402061855669,23.37443593101311,15.915835868452623
122,1.56678173939387,0.0837220329487351,0.228045064707597,0.111491454626518,0.2226962227995197,0.1021144986645306,14.559635571638744,9.68676914976554,5.20431977113088,0.5872457205459484,0.5938718289136886,0.1104468624782044,0.1899558105816443,0.0923513463217023,0.1315187238777677,0.0872177591660152,0.053843781693528,0.0131801866613244,1.3548162430524826,0.6835622702683043,61.45012798309326,8.47411499471423,0.6389179542660713,0.1983679290124724,0.3359628915786743,0.1221536850877829,0.5423719036082427,0.1624306590808925,0.2247647752985358,0.0933036090689816,0.8664943670233091,0.1513062129991378,0.3600177101790905,0.1103177649825851,35.5,1699160.3,3.5761316872427984,0.9309551208285386,27.440946175697974,24.61533424181779
123,1.542799836397171,0.0941801548122338,0.1649628744150201,0.105673313392856,0.1690776880520085,0.105333712414287,11.962737665573757,6.099612536347976,4.821232155958811,0.5044554346546902,0.6574540128310521,0.0790000215001061,0.1831687225028872,0.0765492797075289,0.122030391326795,0.0699781245800061,0.0579356593390305,0.0173377355313097,0.9986760050058364,0.3750961810687649,48.8791924794515,8.740299060634278,0.6239116641382376,0.1496022365093204,0.3416673282782236,0.1210662455489205,0.4980630653599898,0.1374318713339622,0.2657269639273484,0.0785277568806616,0.8045704290270805,0.1666796535602823,0.4243288410206636,0.0894922264880919,12.8,,3.2754491017964074,0.9122486288848263,24.38392107080383,21.331949934791794
124,1.5755740565768743,0.0826368466943562,0.1796684544849193,0.096568535432445,0.2066687428218833,0.1046773083363611,12.665413092758696,7.754083755886335,5.075933480666856,0.5369460633294539,0.6258183692471456,0.0948338533397767,0.1810860128094584,0.0850714170800321,0.1311759564204741,0.072895033484881,0.0533054673065573,0.0146673260823982,1.0412927881135778,0.3435264809005678,56.53192804627499,9.762066467110309,0.5737845129885916,0.1335259382618383,0.3361358834525286,0.1095277000150747,0.4814873019517478,0.1300504960996246,0.2419262907262575,0.0861886965791505,0.84040962942576,0.1775930890833724,0.4139357024835328,0.0893203450662693,13.0,2867567.84,3.0635838150289016,0.9811320754716981,23.540389624998483,22.115099254715492
125,1.534603929115554,0.103473544456611,0.2089245708312018,0.1015975336398766,0.2355666480705899,0.1464375188481434,13.27719105704356,7.61842224159664,5.324573306714074,0.4222952102610717,0.5738211900500928,0.0889254661601626,0.1437334579936528,0.0772416326597912,0.1375063341426647,0.0801046114619385,0.0566283118421748,0.0148515225861782,1.2599122392929207,0.5455440143585142,57.56299132007664,7.403547056986793,0.5455168692742364,0.1547021226010099,0.2931735636824268,0.1138865008993397,0.4677966820486521,0.1531560428206747,0.195472207614931,0.0719340155209728,0.8593301666995227,0.1505532519331897,0.3629155031452745,0.0981812007626029,16.6,7567216.93,3.1840796019900495,0.8875,26.08864913708716,22.266176109164853
126,1.5606234619172954,0.1033529006445923,0.2099362136953968,0.1265114026664519,0.2213858262462131,0.1289699373290671,11.471255322634164,5.967675391681159,5.204113903692213,0.3794717561135394,0.5948004808466313,0.0767658689067818,0.1890765113156225,0.1150116547532677,0.1344539912701663,0.0948558366560151,0.0557352696087653,0.0181662594124828,0.9194876834497614,0.8687264613563523,54.59979752362785,7.679042554028474,0.654926761732263,0.1776249426129465,0.3160475150255833,0.1324853480650257,0.4284793146080889,0.1551888528823327,0.2842561377180835,0.0990139587060529,0.664942163026939,0.202679236516145,0.4346359735828335,0.1074600717953278,15.1,2592907.6,2.5990783410138247,0.8457446808510639,23.818484029438277,19.298611492982374
127,1.5432584563891092,0.0979993832024365,0.1812510657240636,0.1161992054525821,0.1892427364985148,0.1224238612799994,12.533611011505126,7.698444674488977,4.858605341116587,0.6035684753597363,0.6491617148121198,0.0992666424563033,0.1878161312080919,0.0946988677684307,0.1638389836375912,0.0971362509910901,0.0504190502688288,0.0159073263894997,1.1566009670495987,0.5574486781567273,53.64602591196696,9.6071743627977,0.6008268550038338,0.1439998898716893,0.3136833054323991,0.1222636090896726,0.5072517268359661,0.1506171591285032,0.2345155322303374,0.0797636744961253,0.8439898098508517,0.1742177776298356,0.3932917442172766,0.1053693481298883,20.0,83853.01,3.5169082125603865,0.7032967032967034,27.819749310102015,18.862241273038784
128,1.5699956297874451,0.0925576441457835,0.1975619887312253,0.1175188312159059,0.2184594515090187,0.1101368518422366,12.807814506689708,11.116382680017187,5.049197109540303,0.5646397153039219,0.6172736356655757,0.0988424501842183,0.2113246270144979,0.0949292204470706,0.1325334422911206,0.0799393894265566,0.0511568361893296,0.0130877121092839,0.858592622478803,0.3755597328291884,53.18327995936076,9.122414368164314,0.6828206653396288,0.1436368001703493,0.3352539104719956,0.1037020162002683,0.4818949493269125,0.1551622895634505,0.3044314769407113,0.0977464315574225,0.7063957115014394,0.1986772719984436,0.4411153972148895,0.1000182360458416,22.2,184267.84,2.646288209606987,0.9042904290429042,22.561963143363126,19.49827690191913
129,1.581056006749471,0.0891352179036299,0.2071319844573736,0.1101866775928401,0.2348078303039074,0.116222015112761,12.910650090376537,7.109381295473797,4.9278145352999365,0.5833438693496815,0.6478899002075196,0.1017390762200033,0.1919527783989906,0.095745899995384,0.1303660202771425,0.0836930298983426,0.0499916212322811,0.0130230341384355,1.2010820398728053,0.428327996667034,55.95310827891032,8.100337132426093,0.6261651660005252,0.1764958782375053,0.3440187099079291,0.1255832878850153,0.5413212954998017,0.1554729886737165,0.2340134274214506,0.0869819201281393,0.8826295311252276,0.1935805952513283,0.3797763528923193,0.1100811334975493,21.9,10313728.38,3.083720930232558,1.0135746606334843,24.697297645682447,24.01898041915325
130,1.5686836540699003,0.0992931442796548,0.2314036837778985,0.111202079980057,0.2288937771249038,0.1297271636549876,9.342386096715927,5.424704821118939,4.9108206033706665,0.5642140573483269,0.658304077386856,0.0915793865754576,0.1842871118336916,0.0816159507224301,0.120641957844297,0.0790168351321598,0.0492457223435243,0.0103273496878296,1.3640163232882818,0.627256871765722,56.78148034413656,8.631775326289327,0.6511561622222265,0.1728424419310121,0.3258623838424682,0.1205782696180303,0.5631316915154457,0.1628950377824827,0.2258849214762449,0.0811560789061949,0.8682184929649035,0.1519507229767372,0.3562439911067486,0.1114660069926412,17.8,,3.5742574257425743,0.9584487534626038,28.652253534508613,26.503267930581664
131,1.549409423271815,0.1057328562930007,0.2076137782695392,0.1182498281001788,0.2254179419328769,0.1345218165035356,15.20015714764595,11.00273818240347,5.012374138832092,0.6675832941447681,0.6196327716112137,0.1251080331641735,0.179090307218333,0.1015063841214497,0.1637805974110961,0.1017793267693746,0.052274265140295,0.0124636018008888,1.270668739080429,0.6970576080453146,55.19819037119547,10.290208117249536,0.6085332351426284,0.1701356682093793,0.3060691328098376,0.1396713714555747,0.5148893885314465,0.1682257181963011,0.2260805473973353,0.0906667150460531,0.8458282008767128,0.1658342986069126,0.3742331984142462,0.1096553601385014,25.7,6371227.47,3.910447761194029,0.7582697201017813,27.63451778033089,20.19614834233742
132,1.5854468603928884,0.1023700845290412,0.2124541506792108,0.1208911646605014,0.2398654689701894,0.1416037861892855,11.480168000857036,7.40339776515966,4.952558978398641,0.5454220424087187,0.6473607574899991,0.0949587064163437,0.2102044939994812,0.1118628897687666,0.1486715726554393,0.1030515904406221,0.0450703185983002,0.0148303927716367,1.4704055120547612,1.2102743405640983,55.89814256032308,8.23545832583915,0.6747145747145017,0.1762259479331589,0.3319036756952603,0.1293596395765256,0.557289419323206,0.1651683462198075,0.2252285219728946,0.0904693584844169,0.8363741298516592,0.1814052756004236,0.3425453682119647,0.1202834169694802,28.0,7364178.61,3.4517543859649122,0.8970775095298601,26.917238298928556,23.249771587094738
133,1.5647556126117703,0.1132025635870275,0.2233335852778206,0.1358316869340465,0.2511107564282914,0.1378514853918492,13.858205918471018,10.871535061400984,5.223746081193288,0.59786863363971,0.5998370155692101,0.1187942521556157,0.1881050045912464,0.1197765466561253,0.1276159431474904,0.0766582258300316,0.0500820312028129,0.0151237255755344,1.4248386402924855,0.7875778385958452,60.57296581268311,8.108200323089047,0.6300054118037224,0.1839079342301798,0.3252855096012353,0.1425210909761343,0.5455442639688651,0.1872933028947603,0.2054854571198423,0.0784863531457588,0.8670474151770274,0.1787558435780073,0.3391841741899649,0.1198537008422903,24.4,5662700.85,3.1652173913043478,0.9670329670329672,26.0996753327259,24.272213508570104
134,1.6065082093079883,0.0893973157876243,0.211114780496185,0.1040682383631961,0.2230504837818444,0.1053230756740535,8.712152791023254,7.486958919717115,4.818985939025879,0.6247762657715636,0.6683725476264953,0.1191897013015674,0.2477431438242395,0.1001888380068867,0.174276856208841,0.1148417957095516,0.0368399746405581,0.0112445630871324,1.1058996737003326,0.4134965835797698,60.45445562998454,9.836927462270664,0.6817264939347903,0.1543808156716824,0.3415032436450322,0.1150870454333853,0.5721988039712111,0.1468287180748667,0.272490901624163,0.0813644448968346,0.8467036093274752,0.1599288381551343,0.399604924271504,0.0905649861876023,85.6,3006322.47,3.70846394984326,0.6745562130177515,27.842738656179325,18.10693613493753
135,1.5800369008112762,0.1060403725116369,0.2404409002323272,0.1632530551164465,0.2399477450398065,0.1390962851285968,7.041311175136243,5.052337097676658,4.449779061947838,0.6821639859199006,0.7146477775048401,0.0938375930332311,0.2297371829212722,0.1036828344339022,0.1854626247185771,0.0965388354969088,0.0464846840822848,0.0156559201603084,1.097894484208802,0.6227193287447157,56.00026489516437,10.211190503443282,0.6944999346288584,0.1409288600172915,0.3256048241914329,0.1137582347173422,0.5443776189270666,0.1438780845100535,0.2816954285411511,0.0923562582867591,0.795638102596089,0.2132371060326729,0.4049829964415501,0.1066840851209793,12.7,36583654.61,9.695238095238095,0.46365422396856587,44.63281215288163,20.230537658310542
136,1.6074353138605753,0.0884816800160351,0.2308569056602815,0.1232654658888332,0.2279375994578004,0.1531635297358493,5.201669448614121,3.102285467883571,4.328840533892314,0.5094164755139868,0.7593508526682854,0.0699572424331282,0.2428253666808207,0.100502870808582,0.1857038260127107,0.1090833699434394,0.0384589751251041,0.0123747943604528,1.291450568040212,0.6496832066549867,56.21927105585734,10.749873095055127,0.7002412016193073,0.1331036287405567,0.3374083451926708,0.130622423547986,0.5966360154251258,0.1396551287555593,0.2544961132109165,0.0917587187453924,0.8615577717622122,0.17929138197785,0.3632671469201644,0.1103142330442482,17.9,51701054.06,9.897435897435898,0.6165803108808291,45.268100006871926,27.294838864340726
137,1.6000271797180177,0.1124484665680314,0.243640048817421,0.1545350387886705,0.2389374270608338,0.1297095681178715,6.408310058712959,4.449547813904535,4.418280180295309,0.6885391918724452,0.7186565319697062,0.0928471014838799,0.2422358707835276,0.1186591466597262,0.1646576479077339,0.0965036704835508,0.0428138985298574,0.0162525907220696,1.261325971285502,0.5740553549375417,54.70318311055501,9.862707982381776,0.7049990753332774,0.1651951351145696,0.3515571370720863,0.1374085606076375,0.597665582348903,0.1458888407645961,0.2571204813818137,0.0769673379368046,0.8578248262405396,0.1633436584345566,0.372817854831616,0.1074085355398886,21.6,11994340.08,8.674603174603174,0.4501372369624886,40.24661860341415,17.666364458261448
138,1.5836021562417348,0.0802040181920976,0.2157388827142616,0.1311935401193888,0.2506387234355012,0.1329539247244164,6.082226320107778,3.72560915963148,4.359233089288076,0.4386687786357978,0.7555979251861572,0.0540714562028111,0.21784876473248,0.0880403795276327,0.1604398109018802,0.0950606820128807,0.0446956088766455,0.0128521785431999,1.0563079759478569,0.4144189955972914,54.29200528462728,8.061317341242232,0.6937114213903744,0.1492316286181249,0.3422746712962786,0.1241134801904127,0.5424762134750684,0.1388420101507325,0.2690987693766752,0.0805856578896629,0.795254306991895,0.1812221079925461,0.3836226468284925,0.0751121850481345,21.2,11720977.55,9.500000000000002,0.4659188955996548,42.87660661995981,19.511102307832868
139,1.6496640821297963,0.0880536485093684,0.2571083474496845,0.1240570043320929,0.239131195936352,0.1209693987054657,6.4120018005371096,3.8702931890134953,4.716688557465871,0.3959390558190634,0.7121789043148359,0.0715831256669617,0.3137020517451068,0.1322325748508671,0.1837066780154903,0.0939860555538317,0.0369485383387655,0.0159536106187883,1.0837945063908896,0.3998761023686538,60.52705052693685,9.182542779340356,0.6930568794409434,0.1543170785101079,0.3883740811298291,0.1178333911122165,0.588285585741202,0.1616652533281562,0.2977153132359186,0.0855541742962172,0.8488618890444438,0.1804592893838483,0.4303946768244107,0.0804095853223264,28.2,2605301.09,4.77319587628866,0.6889848812095033,31.422480208404455,20.96062891248601
140,1.662748885154724,0.0933640127029805,0.2236408095651616,0.1157707228623724,0.2403354314737953,0.1161627585380713,7.275973745187124,5.654060906008844,4.811000843842824,0.4736228895012302,0.6828246985872587,0.082214227457605,0.3398124072700739,0.1391510988889273,0.1776125206301609,0.0934335926641373,0.0352366974266866,0.0115999854807073,1.0462080975373589,0.4086473148999687,56.80925782521566,8.941645764213622,0.7024441500504811,0.1517665719615125,0.3954098882774512,0.1265703851626692,0.5790877987941107,0.1641110493046965,0.3004637797673543,0.0819122606316546,0.8262749324242274,0.170902395938631,0.4314179730912049,0.0928406918308997,29.1,3269576.69,4.717948717948718,0.775,30.91048792624948,23.180628142843346
141,1.5589016717055748,0.0660177947722462,0.2956993537473267,0.1303667419758303,0.2855114586137492,0.128959396694235,6.00432982938043,6.312265874148002,4.310673898664014,0.8118915954008343,0.7396788520031962,0.1204944007090594,0.1698752147113454,0.0724522686492328,0.1511256252254905,0.0760900204912593,0.0418086678175063,0.0115160057958145,1.6278075262390337,0.7332400950838267,46.59116297754749,11.00958435985358,0.59058067356718,0.1537539920689281,0.2893425838957573,0.1063959651270079,0.5615241622616505,0.1705524834099262,0.1891321369671616,0.0765733952883262,0.9521784710473028,0.2027270177551171,0.3296774114514219,0.1275593712947099,110.0,10398468.44,16.3167701863354,0.6836695850780358,55.8271718690583,37.48366984272124
142,1.5405765076478322,0.0812702880360439,0.2773819549940526,0.1485580592344945,0.3031452992931008,0.1591663371239286,5.621678884824117,4.14534914650956,4.055249985059103,0.7907071572265308,0.7651164874434471,0.1020852931663325,0.1584737165520588,0.0615624128917102,0.1764622869590918,0.088985754750169,0.046693078878646,0.0133728946374094,1.2929302831490834,0.6041974006019206,48.430748494466144,10.693948672832676,0.5964722320437431,0.1233787126538014,0.2856520518660545,0.0904811414361712,0.5143119423339765,0.1453225561069282,0.2135505260278781,0.0761120522057198,0.8689524273077647,0.2121300229969702,0.3582403652369976,0.1026651551786542,65.3,12943719.56,12.765822784810124,0.38572136836886467,51.08813228707534,19.32006292481141
143,1.5186776598294576,0.112166524956457,0.3020767903576294,0.1581244608900184,0.2778578571975231,0.172839656738147,4.25370232462883,3.58636180949304,3.634055594603221,0.9215774658363052,0.7931354393561681,0.106693696135728,0.1537431293477614,0.0880880119844333,0.1698603644346197,0.0780087727363088,0.0465074542599419,0.0176090844333652,1.65193832218647,1.0505717208420025,41.15394803682963,12.069922602105876,0.6141622945666313,0.1539529266105741,0.2586411815136671,0.1270064751664961,0.5557811558246613,0.1755242525768379,0.2061715911452969,0.0846159016399758,0.9070842698216438,0.2172127811321774,0.3342070639133453,0.1158894193017245,655.0,6293644.91,9.640845070422534,0.36206476747017285,48.290902574281304,17.12236964401176
144,1.5278726498285928,0.1144328752477219,0.3108388979919255,0.1720256186342407,0.2792452311841771,0.1646149031130356,6.764054895440737,8.550022386062087,4.140896554787954,0.9003873880171638,0.7430649315317471,0.1276020235674834,0.1520133644031981,0.0984724996780092,0.183987730803589,0.1020225092634689,0.0495419402606785,0.0164953120974576,1.511954597135385,0.733762174991113,43.22749265034994,11.32954372017381,0.5691931885977586,0.2055245937341861,0.2628014885510008,0.1188850381577956,0.505902299284935,0.1915187833417345,0.1815419781332214,0.0629023930357831,0.8967331235607465,0.1814792540395448,0.3394015379250049,0.1182047598365487,129.2,30248469.5,12.98974358974359,0.5124358468219503,51.10499447414551,25.675595273367897
145,1.5240239421526591,0.0866108148780391,0.2864046065757672,0.1634735106264652,0.2852373965162163,0.1690248306296726,5.239407727122307,4.674840577529486,3.7736740191777542,0.969437345361122,0.7726266711950303,0.1275090353221879,0.1240431617324551,0.0616767609836095,0.1799810679629445,0.0740872589001545,0.0477544736582785,0.0163565753622583,1.656336541970571,0.9907074437531578,39.60095659891764,11.152490393059209,0.5379127882421016,0.1666946323927211,0.2275214633593956,0.0866022192907423,0.4996716596186161,0.1604715113234358,0.1724191676825285,0.0759487186797388,0.9435879588127136,0.1897235584729252,0.3304738556345304,0.1223300283525534,260.0,1309.31,10.517730496453902,0.42683749157113954,47.470787344864156,19.835474301617673
146,1.54127104083697,0.099707484768405,0.3142782458569854,0.1508544903239737,0.2894529343582689,0.1463111327562787,6.425625552733739,7.110456892832876,4.091561583677928,0.9437843063991226,0.7516207690040271,0.1288846572478922,0.1614405140280723,0.1276987448019547,0.1831160479535659,0.1064832464213292,0.0453397511194149,0.0151804112284131,1.5463222667574883,0.7005075631667175,43.99361343383789,10.30656549093548,0.569405943651994,0.1703989687816952,0.265116564805309,0.1313735389688501,0.5195965230464935,0.1765701863771027,0.1772612170005838,0.0709023688963054,0.9111624096830686,0.1689383906715062,0.3232009222110112,0.1196515383114784,149.0,1801878.95,10.395061728395062,0.5201900237529692,48.64725914763789,24.78562886777363
147,1.5520077725251515,0.0906110535426374,0.2938136568360884,0.174099262415994,0.2800788552054049,0.1436402233986626,8.925381553173064,8.378978711979812,4.568868112564087,0.8670267136376613,0.6781580299139023,0.1366241381616126,0.1591893119116624,0.0800635155322983,0.1650228653103113,0.0982113923665409,0.0473817928383747,0.0159561117777783,2.0973751664161684,1.4133198677069028,47.1897523244222,11.415272473528177,0.616771599650383,0.1838070202829881,0.2555165580784281,0.1027169254048489,0.5871628197530906,0.1741124925373416,0.1614813555342455,0.069615979108059,0.9614889214436212,0.1353239778549435,0.2758887873031199,0.1155818965976706,45.9,1340830.63,11.308219178082192,0.47122955784373105,47.11152775805823,21.729114836928712
148,1.5429072062174478,0.0896166995814466,0.2347159238532185,0.1331401956904926,0.2098872843508919,0.0979990033468413,13.673500893513362,8.213695706294212,5.233260877927145,0.6464924141697675,0.5782199124495189,0.1212109354366702,0.1621151541670163,0.0670605123891589,0.1485883296156923,0.1291852008852691,0.0513201652715603,0.0139379267472199,1.3930949797232943,0.6298935189050507,56.22488123575847,10.131900717913396,0.6289155329267184,0.1792139792466448,0.2987555918594201,0.0990382169129514,0.5403490309913953,0.1689658906104084,0.2037291617443164,0.0755747377873353,0.8594865173101425,0.154373007401398,0.3332517385482788,0.1120753379281397,29.4,1737517.52,3.2199170124481324,1.1288659793814433,26.142740390380062,28.382784255119763
149,1.5488332691839186,0.0998378270654517,0.2188057198615397,0.1471678151762924,0.214970087285264,0.1354524898267592,17.087543228925284,15.699430149305316,5.294175669298333,0.6576054967986664,0.5774979717650656,0.1347758940176874,0.1661792082427922,0.1155193690772857,0.1432416648051496,0.0859998346243923,0.0527630198147084,0.0162742675103283,1.4803209299758329,1.372434635715535,60.16663017919508,8.71379164094671,0.596229552212408,0.2232862665235667,0.2869775840791605,0.1397404994793387,0.4987945735959683,0.1832347634883364,0.2067516143039121,0.0972917276466463,0.8608306600885877,0.1885910242873051,0.3523678247958927,0.1050151635018439,68.8,5678627.88,2.997076023391813,1.1882926829268292,26.01464742419449,29.724722500164766
150,1.5690000414848329,0.0868616467537921,0.1711733766210575,0.1193710249633672,0.186829416702191,0.0852415403918519,13.634995639324188,7.045574856864817,4.973131716251373,0.6373812349039133,0.6266703779498736,0.1060539123969279,0.1913087485979,0.095168339361663,0.1227177621175845,0.0821192848995547,0.0506587534211575,0.0129007990501338,1.1722941095630328,0.5203047042703803,56.163025792439775,10.40638046809102,0.663093579808871,0.1555801654302744,0.3393924338122209,0.1200168206730661,0.5399572387337684,0.1267568182449242,0.2608273802946011,0.097625771339027,0.8284563407301903,0.172439255277806,0.3923984130223592,0.1143469469827431,44.2,1992131.03,3.3231292517006805,0.9825997952917093,28.63251878507394,27.151707301607967
151,1.570245057928796,0.0988405671380369,0.237578703291422,0.1070483282296456,0.2429647588116281,0.0988830655590639,8.417323458428477,4.599078228725306,4.983629179935829,0.3700587555611274,0.6607133804583082,0.0659414418785797,0.1937699679504422,0.0995572243502507,0.159145067464195,0.1005115797371355,0.0516828694289513,0.0154284039516987,1.3434675254073798,0.5805910334766922,59.517337649476296,8.34793567961539,0.6501817095513437,0.17338825382856,0.3166499051685427,0.1368868992063347,0.5443401114613402,0.1565232462414348,0.2236134577907768,0.0931173177237004,0.8433113068926568,0.155851870667563,0.3468953406109529,0.1229769035263042,9.0,315128.21,2.7676767676767673,0.7828467153284672,27.34509215094866,20.62416885539594
152,1.5824235101540884,0.1118406358175298,0.2118796904105693,0.1059583890926226,0.2262845924745003,0.0885781448822422,9.27009139060974,5.617826021035191,4.932870682080587,0.3514224066164015,0.6755026866992314,0.0705226164442822,0.2289908166353901,0.1169908168393412,0.1356433275466164,0.0914225206363695,0.0498800011662145,0.0166074762175247,1.1639986629287402,0.4588787019542312,58.813490041097005,9.586740788087033,0.6872908274332682,0.1639268217549611,0.3626749485731125,0.1344534316157244,0.5622019497056802,0.1484012450471717,0.2647408496588468,0.0858968889329276,0.8274866104125976,0.1650880394651656,0.3892113221188386,0.0986697758528324,15.3,3329804.9,4.048387096774193,0.6826029216467464,31.33177547834285,20.704558560249968
153,1.5764872522677404,0.0932685977593757,0.2906213094622402,0.1284694350959499,0.2877981211453423,0.1479522492327751,6.983046915571569,3.969173525421652,4.846253791097867,0.3486778313841016,0.6878564610319623,0.0632873850097627,0.1903409695221206,0.1148732863799587,0.1645050417568724,0.1180669326086047,0.0492894278397246,0.0147339206997507,1.4224712454666526,0.5686620665296399,58.09104085372666,7.072992461202471,0.6268387153997259,0.1973210111871392,0.3181590369697344,0.1241896784397259,0.5455633470062482,0.1842635162047395,0.2110577480141389,0.0911695102846879,0.8693476819385917,0.1508147300915967,0.3380233222397707,0.1107648732773626,11.5,2750346.28,3.894117647058824,0.7114803625377644,30.32864796207662,20.86675708480074
154,1.5771257162094117,0.1048291258917316,0.2584651414925853,0.1462181436166648,0.2669297140712539,0.1371996572010959,7.904397414127986,5.207770395070522,4.875463918844859,0.3249481043214775,0.6879480505983034,0.0544296287892074,0.1974395429094632,0.109698099651949,0.1536879589781165,0.1015642573449681,0.0483715097419917,0.0138951314169315,1.4449842989444732,0.6578675159888678,59.07815717061361,7.130252689190287,0.6342638621727625,0.1856976370280023,0.3372006608794133,0.1551162876756646,0.5558715127408504,0.1594600031692034,0.220960230131944,0.0882532931863138,0.8911359697580338,0.1617258372771795,0.3490642974774042,0.1079539025967305,16.1,8742854.76,3.9743589743589745,0.68,31.692086287008838,20.87061867516601
155,1.5529962440331777,0.1121431659954837,0.2324927402349809,0.1368375877099451,0.2847907482025524,0.1546412881441144,7.417647631963094,3.693381502620308,4.822919150193532,0.4670651735452603,0.6842259645462037,0.0735099170058218,0.1666272217407822,0.0852017681359874,0.1798622056220968,0.1354053352280149,0.0504871617847432,0.0159950333181825,1.212574665248394,0.5160522738983571,60.12087688446045,10.429524421880766,0.5896629609167576,0.1793061564763556,0.2996748169263204,0.120519793091101,0.4965577887992064,0.176001458856466,0.221260326107343,0.0782533508697594,0.8492392987012863,0.1719322733731318,0.3851182743906974,0.1034951857097982,12.7,9680437.56,3.982954545454545,0.7318116975748931,31.045777327278998,21.987851310833275
156,1.5405720829963685,0.1139374436286771,0.268808201700449,0.1229329062657368,0.2565788534780343,0.1158494677995378,8.75818651119868,5.156518272909341,4.836197658379873,0.4792954144783717,0.6849926918745041,0.0696135749918827,0.1797091755705575,0.1078232581376933,0.1451240075752139,0.0858835062947467,0.0514964166097342,0.0142976244209985,1.2894972731669745,0.5575948346224463,57.09700037638346,9.224711725665893,0.6276182870070139,0.1903910339484953,0.3159611801306407,0.1273210641938462,0.5191605282326539,0.1636907673655504,0.2195893867562214,0.0907135692842992,0.8394598707556724,0.1718141500819504,0.3532583906004826,0.1042888308967109,11.4,3034548.86,3.158974358974359,0.7938311688311688,28.370270846286083,21.727374097132945
157,1.5941966287160323,0.0893208266646759,0.2543707481443377,0.1190347267407132,0.2494974745658494,0.1509175540693879,7.374310061083001,3.7196706786669775,4.81504537291446,0.4106309884729105,0.6903311115200237,0.0656206891416183,0.2313367664119449,0.1300462962889618,0.1769896745050357,0.1277134085669742,0.0445048487350597,0.0158128312696558,1.3025365340507638,0.4807452514111821,59.434617899232,8.354057018897008,0.6507784388328003,0.1828773606946623,0.3587117089053331,0.1463872928484256,0.5677483890016201,0.1821807838856881,0.2323744605784699,0.0833322299262248,0.8783129024303565,0.1672923862004667,0.3603164184901674,0.0954957911491919,18.0,3167329.54,3.9533678756476682,0.6343381389252949,30.113898902273075,18.46805644652709
158,1.5528291006882986,0.0930778249519794,0.2268267818260937,0.1366086327501268,0.2362048715042571,0.1038684853420175,9.91047316789627,6.208647070170335,4.964642556508382,0.3800237061944237,0.6571198791265488,0.0664899473627774,0.1599056641571223,0.0767470352392029,0.1518828676392634,0.1145730896386796,0.051243215954552,0.0130665022100594,1.4495599031448363,0.6300812476682359,56.135816764831546,8.43068182631709,0.6027508904536565,0.1751901793489783,0.2871948438386122,0.1185186869024146,0.532169775168101,0.1768287193672903,0.2004671903947989,0.0798638191871353,0.8832751890023549,0.1686487578292058,0.3409169880052408,0.1125592211868346,11.8,2650066.12,3.6596858638743455,0.7381974248927038,31.703166893589156,22.664998736898433
159,1.58985280195872,0.0924996845123823,0.2036755848229707,0.1173466540891228,0.2583604005165398,0.180631351251037,13.102512637774147,6.540868109780271,5.099361777305603,0.3364384753917638,0.6465683927138647,0.0605203250807213,0.1963027239777147,0.1163674078672606,0.1581873344878355,0.1132845950899581,0.0467067077755928,0.0152847461549839,1.3044863417744637,0.940184909649138,62.56227099100749,8.914511106264833,0.6004111004372438,0.1903335579490394,0.3247116727133592,0.1387000651771714,0.502523739139239,0.1750428313331885,0.2274203025425474,0.0968977817692052,0.8482584590713184,0.199179887455925,0.3815196825191378,0.1140996741748547,10.9,5385503.08,3.976878612716763,0.6773255813953489,32.0298449559093,21.017307775368803
160,1.578391913640297,0.0769562117812507,0.2526451041764121,0.1359674542039856,0.2241957915031303,0.1027816846084138,8.308126278853011,5.174437573707639,4.942590034614175,0.3828212709031602,0.6773276662422438,0.0698042074595009,0.191966502469475,0.0873704575477078,0.136518342325748,0.0690192640563574,0.0460895132273435,0.0110840763856899,1.3009094585806638,0.6102905513274012,60.556098550052965,7.977263024342119,0.6430607968467777,0.1640492739134171,0.3151276701335179,0.1168581186318393,0.5394279663845644,0.1382363590002551,0.2324305977988041,0.0900166461230107,0.8527424901218738,0.167442340144553,0.3629937010296321,0.113088858694701,10.1,1168234.94,3.344086021505376,0.7861736334405144,29.775083558542697,22.62221199377392
161,1.6046290437380473,0.1004429977380181,0.2419222832967837,0.1211985237309611,0.2492792135725418,0.1238315511207544,7.366229524215062,3.69062664423331,4.752674432595571,0.370241440327417,0.6925173362096151,0.0560697095626799,0.2395086071764429,0.1336972797137381,0.1956119084109862,0.1104948031026742,0.0441718925877163,0.0146910355182198,1.2519903391599656,0.5867679769537874,53.92415637969971,8.885203951746682,0.637491449713707,0.1714613711893536,0.3420637989416718,0.1368717920789236,0.5452962387353182,0.1786818646633462,0.2467758185540636,0.0993456976583524,0.8480027034878731,0.1771345909169615,0.3827148822446664,0.1189687497281088,8.9,1491745.35,3.576687116564417,0.7289879931389366,29.132298650840315,20.508107935861297
162,1.6015222311019897,0.0951267645620582,0.2527785380681356,0.1034755343354672,0.2495970246537278,0.1264052791960633,7.234816414117813,4.159073054076214,4.808667747179667,0.3180910993875497,0.6931323657433192,0.0572223653732397,0.2556077091023326,0.1322566376552285,0.1630148703853289,0.1111595926293872,0.0445147351827472,0.0150572995429814,1.3196406602859496,0.5122531248410046,56.87186450958252,9.282473231393505,0.6811121957997481,0.174878884087377,0.3752483025193214,0.1467492709001488,0.601169174661239,0.1743715800602704,0.2376422354330619,0.075427214585378,0.8808940956989925,0.1479616979408506,0.3594615301738182,0.10767072954606,10.0,2768373.43,3.2552083333333335,0.8432000000000001,30.009930210079865,24.461173153139345
163,1.5912306606769562,0.1132816731232074,0.1984989444521488,0.1141327866367835,0.2405579735835393,0.1355922313132077,11.250646289189657,7.504527840158446,5.108174912134806,0.4085453746783712,0.6321518098314604,0.0813450907961179,0.2267389449601372,0.1370345616737325,0.1757260792888701,0.1167979476390585,0.0471326684579253,0.017171138257401,1.3492959797382356,0.5579682760952516,60.0985190709432,8.460411973701241,0.6213338159024715,0.1772404015156361,0.337546540175875,0.1510011146733151,0.5487866924454768,0.1904481873505809,0.2176982360581557,0.0773280253733906,0.8770978266994158,0.1708894272862963,0.3538822144269943,0.0975733893128309,10.0,2530023.76,3.7542857142857144,0.6879756468797564,31.495238636835957,20.979981527929763
164,1.5858599364757535,0.082978383472812,0.2207550594272712,0.1049089666593729,0.2382045568277438,0.1041577960239344,10.210755681991577,8.066082864882127,4.887069574991862,0.4033558448796358,0.6693444843093554,0.0768661282455528,0.1991852720578511,0.0926963791763206,0.1427426630010207,0.0851781921041053,0.0519588521992166,0.0179182978330106,1.569493799408277,0.5686831082213847,55.98168398539225,8.064355594063057,0.6153547828396161,0.1462575494682134,0.3300890869150559,0.0964819100034396,0.5921122990548611,0.1387772236655192,0.2149084794024626,0.0712397914327277,0.9770630314946176,0.1694471315521805,0.3567284035185973,0.1038658306352376,9.0,1849163.51,4.232258064516128,0.6448170731707317,32.537190604055326,20.335718941334456
165,1.58267156680425,0.1010412390606977,0.2622732527554035,0.1528709807166395,0.2465234943976005,0.1358347112340487,9.507489581902822,5.012503982955214,4.938216694196066,0.2994479275152433,0.6798981964588166,0.0512281730270042,0.2046460963785648,0.1067308641328274,0.1668376096524298,0.1107200741567849,0.049213382632782,0.0154145849915702,1.3790242289503416,0.5107771152484365,58.95580209096273,8.29845495312131,0.6252826318144799,0.1882623875236043,0.3269604232162237,0.1118361353486931,0.560663540661335,0.1683933764313873,0.213856781894962,0.0747169181149306,0.9062436938285828,0.1497032956178488,0.3520091126362483,0.0989764351505524,9.3,2422614.2,3.294117647058824,0.75,30.292272298357453,21.969204223768088
166,1.5579551700818337,0.1169215211863868,0.2688501325704284,0.1304584175384197,0.2592299284445027,0.1131846730096318,9.475038411253587,7.636057002090204,4.879868293212632,0.4774301304302435,0.6685980285628367,0.0884288132404788,0.1899356995472463,0.102149872171634,0.1633133594641241,0.0796832120331212,0.0506273041147801,0.0156187731042601,1.3563757003363917,0.8780410709250208,55.48204325013241,8.707073843194989,0.5987408729427952,0.1713462708747213,0.3282900092712903,0.1185422100455308,0.5284218384047686,0.1652768618222724,0.2193916907881276,0.0798406105840584,0.8860899841381331,0.1591257638916173,0.3759065826691813,0.1109387553002047,8.7,946202.7,3.385474860335196,0.7409240924092408,30.464531497413702,21.83098125798474
167,1.5699385484059651,0.1137060989734862,0.2656177922462424,0.1610199502346172,0.2583580517830948,0.152207749506961,9.34819350639979,7.171915704660613,4.969904212156932,0.4754130786317277,0.6574829464157422,0.0904897577129269,0.1979976265380779,0.1072991875788903,0.1640884425491094,0.0917032247964801,0.0465233816454807,0.0145548994825361,1.4351865510145825,0.7321628024806185,57.30409539540609,8.613701151902108,0.6335271353522937,0.1967593922304824,0.311431843911608,0.1144214147072262,0.5553030103445054,0.1827969040153727,0.2152898759891589,0.0722456312608789,0.8783613016208013,0.1494538142078806,0.3537846838434537,0.1106986199051716,10.5,2007300.04,3.369791666666667,0.8516228748068007,30.546622783640238,25.162579835835814
168,1.5877763800701852,0.0875324684120452,0.2514440991552704,0.1389003971779565,0.2389789993985224,0.1176112279827871,7.714497998609382,6.266559210093992,4.792719073214774,0.6038210942665796,0.67654005147643,0.0942582455572406,0.2077108984023837,0.0981708672444285,0.1491433005716841,0.0993797617651661,0.0454354247678134,0.0140921878017764,1.3107292227825875,0.4594922773922067,56.61515213271319,9.7281628980282,0.6207036262346526,0.1770606104383212,0.3452669907424409,0.1195481111236776,0.564421403963687,0.1765294974311423,0.2224518573385174,0.0767506716332147,0.913355588912964,0.172376426506589,0.3645702350442692,0.0981727420326152,14.0,1970256.38,2.93421052631579,0.7189835575485799,28.75769754110085,19.957328127458158
169,1.6150150379892123,0.0690787362798186,0.2118371131324793,0.1017048562620303,0.2041814293144113,0.0999818919329894,9.374800520428156,5.22472477534893,4.960413084191791,0.3071222596152185,0.6661753199868283,0.0540453063232779,0.2281693917841224,0.0966739309353562,0.1343703931671078,0.0922909560221735,0.0445794570180824,0.010047423879308,1.3876863758442766,0.4781814919328025,58.04605807288218,8.015546932463472,0.6455731891979606,0.166342757429939,0.362002208323802,0.1145404242418224,0.6044978916139926,0.1604706957742377,0.2258649094630096,0.0717330553186914,0.9338711964882026,0.1314545047774167,0.3612598976341344,0.1161932492041097,8.1,3661483.1,3.208791208791209,0.7962328767123288,30.07933746654871,23.153924523878683
170,1.5647413551807403,0.1086673360228645,0.2518322881311178,0.1148673672211497,0.2697433250645796,0.126276471394584,6.738885857661566,3.793418099843164,4.864584374427795,0.4358207787108628,0.673961474498113,0.0747914805430679,0.2029333509194354,0.1109087962446066,0.1403381140281756,0.0789369019280336,0.0476439168987174,0.0151336498284501,1.296057360867659,0.4830647743484605,56.55999673207601,9.674924404302494,0.6287340929110845,0.1950524438661293,0.3379754461348057,0.1345837371793438,0.5438765664895375,0.1622313143403386,0.2162144403904676,0.0834989529697969,0.8806418200333913,0.1716565948778399,0.3476107296844323,0.0961227324319974,11.7,2709565.27,2.669683257918552,0.8101694915254237,26.989029239245053,21.055518603998532
171,1.5816567222277322,0.0899187469611655,0.2117321822714681,0.1210215066086636,0.2204437517871459,0.1125960136297127,10.268273711204529,4.606425731269309,4.852023903528849,0.4549377524182253,0.6702191183964411,0.0650888910827773,0.2027778678884108,0.1038534524683649,0.152390870389839,0.1017833415094188,0.0492859239379564,0.0157014257267148,1.4048027694225311,0.8084607651328867,56.85618623097738,9.762662290060382,0.6302103305856387,0.1491982739358861,0.3318957996865113,0.1180339904660173,0.5685439671079318,0.1599985283204277,0.2212642493968208,0.0772720112010489,0.9018528297543524,0.1668411768589026,0.3586854649086793,0.1052571030096786,11.9,7207362.84,3.955801104972375,0.7863128491620112,32.3615391378114,24.659981193558405
172,1.553281585375468,0.0945064378648477,0.2488936439466973,0.1247783160869546,0.2655151016156499,0.1492151490818476,9.513539244731268,5.066168265504234,4.9097530802090965,0.5075412141783124,0.6626352995634079,0.0766359993613809,0.1882279814531405,0.1011619391551705,0.1726711064577102,0.1141599100170299,0.0492048279692729,0.0149360909563911,1.407824405034383,0.7063012888577349,57.43326161702474,9.798339400034267,0.6227187606195609,0.1587117018518145,0.3059978197018305,0.1264385052367075,0.5342384452621142,0.1470104925646955,0.2245000105351209,0.087732805007508,0.8667719001571338,0.1737953291096883,0.358053587252895,0.1040742679266506,8.1,2772463.48,3.5279503105590058,0.7464788732394366,29.282643289382992,21.11239569489153
173,1.5701979339122771,0.0910448752870454,0.2167865433730185,0.1178207816002011,0.2159161338039363,0.1125586486288289,9.634552931785583,4.807709125734185,4.911220808823903,0.4346844116606272,0.6624557415644328,0.0748797287198483,0.2073997671405474,0.1131161020636977,0.1373800721019506,0.0749308483281198,0.0501798310317099,0.0151740342389035,1.3252147128184637,0.51143476099366,55.2882719039917,10.225581599416342,0.6464669207731882,0.1923358587991666,0.3425134035448233,0.1286870833106054,0.5649455462892851,0.1837771713685259,0.2236082043498754,0.0875795162575896,0.8702807113528251,0.1554430463559658,0.3498954929411411,0.1086375629253231,9.2,7482895.14,3.255434782608696,0.7762938230383973,29.586712456312114,22.191688300809904
174,1.5702400743961331,0.0940157883948803,0.2213202885662516,0.1116578798311153,0.2264745448405544,0.1204961753278493,11.109335668881734,8.23238810950486,5.039748096466065,0.5251982495262648,0.6349572584033012,0.1086987334056788,0.1950958394135038,0.0968078716186951,0.169586067336301,0.1083632642048828,0.0453304029225061,0.0144327639725121,1.1615392426649729,0.4226754993068539,55.16705341339112,8.758060267488192,0.6084632202982903,0.1794617569209399,0.3479468836138645,0.1376189531517649,0.5231734407444795,0.1691465006137865,0.2350230131298303,0.0925337915953857,0.8625890423854192,0.1588919405066612,0.3894712140162786,0.1110628250851533,10.3,3394685.27,3.3350785340314135,0.8006279434850863,30.27703042873846,23.44000866351117
175,1.6186385949452715,0.0999427282373582,0.2208922664324442,0.1093778441943635,0.2342457548404733,0.1125846421372804,9.692783170938492,6.404877841914272,4.904719710350037,0.4437267092215606,0.6680314068992933,0.0839742678370779,0.2658866188799341,0.1201376254381044,0.1491334319114685,0.0844847578706239,0.0406657651998102,0.0143430627351995,1.3747710446516672,0.4219533921316467,53.998081334431966,8.141838397824996,0.6496420577168465,0.1633599611590291,0.388271423180898,0.1219504800690545,0.6139755244056384,0.1477065629560962,0.2275570321828127,0.071000674405696,0.9533644576867422,0.1253257493085406,0.3571361623704433,0.092724444049219,11.8,2073441.98,3.8602150537634405,0.7520891364902508,32.53773080056797,23.719184724661147
176,1.5943312088648478,0.0937000328343475,0.2124991112078229,0.1325500424656075,0.2279584906995296,0.1115504700587925,9.383111143112185,5.393726541117167,4.863187789916992,0.4223788256211745,0.6761740480860075,0.0739085504304103,0.2225062860175967,0.1199818558721863,0.1733407925193508,0.1230631179924178,0.0441271415290733,0.0160145614809986,1.1567781666914625,0.4059124752023995,55.53056933085124,9.57465045236644,0.6076273563007514,0.1844529792857695,0.3609665725380182,0.142603220406223,0.5256811405221621,0.1833546193761193,0.2313248343765735,0.0793949158022151,0.8638469249010086,0.1566584164432708,0.386646518856287,0.090020533627934,7.6,1565603.51,3.135593220338983,0.872072072072072,29.228542317303052,24.617323390224644
177,1.6031322181224823,0.0839581784076914,0.2377806852106005,0.1154580504885128,0.2479563813346127,0.1171299630864455,7.199705636501312,4.009760358155699,4.758342031637827,0.4068716598238625,0.6988393207391103,0.0717146612877473,0.2281884190936883,0.1051128948294732,0.1859261948615312,0.1258787615518515,0.042043592625608,0.0137479848876695,1.2920373141765595,0.4927229506739057,54.01682275136312,8.647208640481896,0.6171394750475884,0.162283743454055,0.3505609470109145,0.1086609732089711,0.559381851553917,0.1637783541409392,0.2291830014437437,0.0657151773220758,0.9096836144725482,0.1605474454864535,0.3801421910524368,0.0944606489628367,14.3,2173071.74,3.7650273224043715,0.6197387518142236,29.386196802350977,17.592026175041898
178,1.5419175709996904,0.1036753931761601,0.266146259598567,0.1535757078053835,0.3390391351921217,0.1613988501309037,7.0743828894836565,4.843918955956082,4.90990086538451,0.5247731387149177,0.6591472396893161,0.0933633585119795,0.1619102472572454,0.0901909318245819,0.1820285875749375,0.1150245446227306,0.0475769172023449,0.0154649670442354,1.3327625766396525,0.7237965872676828,56.78835875647409,7.447680765789415,0.5586112570017576,0.203940954764246,0.3069470742983477,0.1465922715198949,0.4840418126966272,0.1920266478427854,0.1912188011088541,0.0830155185162822,0.8653590210846492,0.1609214662513801,0.3569198307980384,0.1109008428353776,18.9,1142671.96,4.045197740112994,0.6927374301675978,27.8797827465874,18.62063162333429
179,1.5697135824268147,0.0780542980028902,0.2754175316352965,0.1192987182771131,0.2901594578840975,0.1438903910027778,8.802987898810436,5.623373446148141,4.92744807873742,0.4554769814986659,0.6587057441978131,0.0777290882916338,0.2079468181956622,0.113321261857698,0.1809027080061072,0.1114148717679264,0.0463150825225195,0.0128286907912315,1.2938225723929324,0.500402641083986,57.63112795554986,8.898632386267252,0.6067069728495711,0.1709291145883302,0.3351172638141503,0.1352096608146571,0.5266443768800315,0.1789822466322548,0.2110612137337862,0.0711004365401111,0.8671066983271454,0.1712883177332815,0.3587196242001097,0.1065603672848609,8.9,4777801.14,3.4153005464480874,0.6736,31.158982258619552,20.31509044940613
180,1.5952990770339963,0.0918249481306124,0.2477660857761899,0.1151610718314523,0.2469104319810867,0.1550581322691706,7.3321812411149345,4.014547055698668,4.819710993766785,0.3672575220150768,0.6890489866336187,0.0597428192655381,0.2425526910771926,0.142533789764654,0.1837946493799487,0.1247843499956268,0.0412956963448474,0.0141802544166006,1.287104857961337,0.5097506956582929,55.48100204467774,8.16057592219825,0.6506721859176954,0.1933711586838567,0.351477013900876,0.131667416628625,0.5643061354756356,0.1738653009729371,0.2408055083826184,0.0882542193573044,0.8747173289457957,0.1474819960419176,0.3749464386453231,0.1030710610321546,7.0,7961357.24,3.1452513966480447,0.8543516873889876,30.431273067756187,25.144657807443565
181,1.5492004984516208,0.0966297075491391,0.2463427605028501,0.1242566631577878,0.272111961523355,0.1582323077567414,9.12310122029256,5.913324675127414,4.875202680038194,0.5354003039075523,0.660799386642747,0.0903271583222055,0.1692394577598167,0.1025978820755398,0.1581034252451638,0.1157971683605672,0.0496854680132562,0.0137964221661942,1.474260212001154,0.5897851810900472,54.1888642391916,9.374812716089206,0.6106534433566918,0.2299564740978745,0.2975980909699101,0.1353244215683686,0.5301983740370152,0.200203755581403,0.1890436470256013,0.0705181927685101,0.8755705604108713,0.1648296435571106,0.3269340903577158,0.1000665555415685,14.2,1754178.4,3.8587570621468927,0.7086383601756955,29.204901598071242,19.98707521737406
182,1.604647735754649,0.1013504424006368,0.2098007737969358,0.1256672713288671,0.2317556550105412,0.1134728399215223,9.55066708723704,5.200490247482492,4.788155217965444,0.5674704804072662,0.6703962231675784,0.0837479460601307,0.2395601618414123,0.1240472756280716,0.1996638055269916,0.1005745259572178,0.0423668410939474,0.0149348646987859,1.1987844054897627,0.5275707307718929,54.62996946970622,9.871780124180171,0.6319769099354744,0.1478990770821944,0.3335356410592794,0.1197561813801946,0.5330867290496826,0.1392373583732367,0.2621185019612312,0.0955875913314184,0.8563005407651265,0.18775028501587,0.4053768597543239,0.0943189222803648,10.2,15552185.22,3.0100000000000002,0.7192691029900331,28.75852810886767,19.965851613188867
183,1.5728880405426025,0.0894914543433437,0.2701244904970129,0.1292081090527483,0.2279341582208872,0.1001830194401547,13.769265405337016,9.44469762028078,5.317849139372508,0.5075348368963215,0.5682771926124891,0.0997872010839121,0.1850637642045815,0.1102320096503938,0.1343257949997981,0.0884083912620302,0.0521412042590479,0.0121483612753956,1.5859497060378394,0.6421825184209611,59.38203633626302,8.271297056726427,0.633541135986646,0.1804537511548859,0.308078395947814,0.1250480203762316,0.5823387722174327,0.1668473487074088,0.1975978421668211,0.073501838266667,0.9309865921735764,0.148680669944811,0.3208341334015131,0.0976162837520466,16.3,7602956.73,3.21304347826087,0.6752368064952639,30.146197510629325,19.68058532855755
184,1.5409527719020844,0.090407038185601,0.2419675087556242,0.1229678807813814,0.2308980595630904,0.118640825438594,11.63515632947286,5.686302915085085,5.284021556377411,0.4000454252323436,0.5843194514513016,0.0852787217021421,0.1686839081346988,0.0941178515146891,0.1254994341482719,0.0680398435777638,0.0535656528547406,0.0105111396134169,1.704646114508311,0.7979354922165798,59.25513458251953,7.061909390460721,0.6512806348502636,0.1922805880095737,0.2956184302767118,0.1271777556101194,0.5910655625164509,0.1795996589508611,0.1909621972590685,0.0721504089149816,0.9099775900443396,0.1303775270420013,0.309027283390363,0.1116858386833554,19.9,2411690.61,3.5784753363228696,0.6140350877192983,30.44773294129096,18.08194127974006
185,1.5959086855252584,0.0788118090773981,0.1858146791967252,0.1054067598260749,0.2263016941025853,0.1127771546627432,7.1869671205679575,3.805461990626534,4.56628600358963,0.4683856156198219,0.7295052409172058,0.0673582214751002,0.2220368439952532,0.0988901621801851,0.1482996165131529,0.092566478300064,0.0415525417154033,0.0106946231561749,1.0329620957374572,0.3792380868566937,55.36191590627035,8.965581905485031,0.6553057844440142,0.1488616187214088,0.353853847583135,0.1236185612373603,0.5287346238891284,0.1421130129919039,0.2671055679519971,0.0762966147031942,0.8073051974177361,0.1696188427474416,0.4064893079300721,0.0928905816217654,54.4,12792145.0,5.613526570048309,0.5662650602409638,31.667131926960927,17.365725308038115
186,1.5941830058892568,0.1032110937573276,0.230545249953866,0.111888158878794,0.2134916459520658,0.1004289605102612,7.359336404005687,4.508948321763191,4.661960212389628,0.4686412829552392,0.7196182325482369,0.0775103593968562,0.2392269266148408,0.1313874859213317,0.1435902259002129,0.0809890386017336,0.045088126619036,0.0148928614891322,0.9062547733386358,0.5051631347299895,55.870883750915525,9.296274286439944,0.6773867706457773,0.1580002115188958,0.3486440220226844,0.1239673941422563,0.486094535390536,0.1333031869829318,0.2965008130917946,0.0877385481493565,0.7215412348508835,0.1668171184438981,0.4319803783049186,0.0923122786227405,31.6,7437954.14,5.712574850299402,0.6268343815513626,31.17537531716424,18.9149627250149
187,1.6290605664253237,0.0707347269105246,0.2144296042993664,0.0982747041200892,0.2435956521332264,0.1132628143962147,13.986576824188232,8.04438759056117,5.280614643096924,0.3929202249293455,0.5902797400951385,0.0751011458326334,0.2508679966256022,0.1026767307370246,0.1270654324442148,0.0874348859088941,0.0433496481366455,0.0112182818000691,0.6724485677480697,0.2326620425602107,64.83770652770995,8.136276370123188,0.7158382698893547,0.2050205491341984,0.3392560993134975,0.1171839978953799,0.4138619865477085,0.1108267846773584,0.3411254349350929,0.1089980137660773,0.6030404359102249,0.1669606162320275,0.4705770224332809,0.0727440302977224,65.5,23486930.71,6.106060606060606,0.672456575682382,30.99249079230588,20.168647654379388
188,1.6074810485045117,0.1015565814644958,0.2370512657488385,0.1417025655000518,0.2930753166476885,0.1335693401357375,13.2733536362648,10.72431005663016,5.101598604520162,0.6360439227639306,0.621584223707517,0.1039483297283122,0.2593648719911774,0.1318644649770638,0.1318036457834144,0.0916942109725555,0.0422631840454414,0.016528583461426,0.7707012005150318,0.4278115494312536,64.66800212860107,10.769304521332876,0.722293991347154,0.1799992819917386,0.3369981312503417,0.1328517494608949,0.4401791532834371,0.1517530202972052,0.3278986596812804,0.1040319506051413,0.6351079985499382,0.2299509888795693,0.4500264865656694,0.0918029920198476,286.6,5925872.32,7.795221843003413,0.7324868651488616,35.64208616292777,25.37487309569972
189,1.6035368303457895,0.0802990012208475,0.1929411258082836,0.1130668776630263,0.2122443999784688,0.1105762016872655,15.039479887485504,8.138400318673279,5.137644755840301,0.4865785249323461,0.6267837072412173,0.0900106744227233,0.222125261525313,0.1273460482133902,0.1442248051365216,0.1050902140846689,0.0436012227553874,0.014260706994883,0.8141854171951611,0.3394251121780495,59.15198548634847,8.051937848480701,0.6826921691497166,0.1891014149111464,0.330862262348334,0.1255885499923531,0.4504027644793192,0.1525802952060267,0.3100752130150795,0.0932856522645864,0.6728727971514066,0.1996865157661313,0.4545327603816986,0.0812163839349825,69.5,3074161.82,6.028436018957346,0.6037735849056604,31.937995820316697,18.679544646228948
190,1.5927955713765374,0.1094583436268903,0.1866678619628836,0.1035925857909933,0.2557023037867299,0.1258076850522839,18.263453779549437,9.029547074887573,5.342538044370454,0.5356830019648868,0.5652821665180141,0.0990313239291402,0.2397091006217845,0.1316514372888156,0.1514128062809849,0.0790186205669495,0.0501075951414632,0.0160694375172767,0.6921638743630771,0.3633855621651267,66.34746406818259,7.977906492928159,0.704653671589391,0.22786658857196,0.2924746115659845,0.1167605549934621,0.3845977663736918,0.1383995409199555,0.3258800095525281,0.1267587693293972,0.5764113515615463,0.2030060212262385,0.4567455448980989,0.0821606253146719,48.0,,5.545023696682464,0.7264957264957265,33.193790676722614,23.388651346336943
191,1.6140379786491394,0.089180386323372,0.2410148764572416,0.1365406912472094,0.2559762223313252,0.1422392331605897,10.610070886214574,7.395799221351692,4.898295100529989,0.4384810997744006,0.6713171094655991,0.0800516343268138,0.2538136146962643,0.1239316605476398,0.2074302914862831,0.1226968620490605,0.0373666324031849,0.0149205611223627,0.8704111764828364,0.4293021783945977,60.157799084981285,7.259316662711166,0.6607599218686422,0.1857942229112167,0.3239853590726852,0.1093620229542159,0.4574348603685697,0.1486735672948817,0.2931676287204027,0.0977552785648047,0.7098185564080874,0.192375917118334,0.4430207128326098,0.0986379206710248,71.6,5461683.2,6.781553398058251,0.5962777380100215,34.64279469749591,20.060449522558404
192,1.6203754425048829,0.0890494465662078,0.1830992156562084,0.102641126141832,0.2245177687145769,0.1090159972871123,11.262892337640126,6.349665647513856,5.107670696576436,0.3198363658737618,0.6411854282021523,0.0663643456119174,0.2484855164463321,0.1035494454017188,0.1123236877843737,0.0503139094051349,0.0448624694099028,0.0118447136899005,0.8305187682310741,0.5589522087870167,65.30754330952962,7.423552322562818,0.7608323882023493,0.1439156226420915,0.3212638753155867,0.1163457999253519,0.4718709068993727,0.1493550302876926,0.336426164706548,0.1050980973999366,0.626400712877512,0.1888206356518833,0.4384385265409946,0.1136735082836216,25.6,12800223.82,5.7784810126582276,0.6418400876232202,31.97829104938937,19.88310904155769
193,1.5628146946430206,0.0947082561279588,0.2400283178314566,0.1310969440161291,0.2552708864212036,0.1137749663805584,8.997007435560226,6.252033913189703,4.751582872867584,0.518705639941918,0.6828708892067273,0.0802642510405894,0.1873783338194092,0.103910449426465,0.1488239329929153,0.0881470069512082,0.047533338330686,0.0135904039787872,1.5318691899379095,0.925600311708981,55.96464214324951,10.343436089122685,0.6076160152753194,0.1537547373670416,0.3245399640252193,0.1315036256294001,0.5563359128932158,0.1607817754500555,0.2061299396368364,0.0787018790934394,0.9159796168406804,0.1609905935342553,0.3448509608705838,0.1137624313775556,9.9,3360146.45,3.085714285714286,0.9481481481481482,26.148689659740583,23.844683529235514
194,1.6019739170869192,0.0975129997179127,0.190217386605218,0.1271060534789124,0.1912112687403957,0.1164447802656053,17.028100538253785,9.137286405999877,5.00270459651947,0.7027068486708526,0.6068380559484164,0.1159538022200651,0.2364078177139163,0.1292735366121751,0.1591019825388988,0.0895531984732795,0.0423201777506619,0.0180132307821342,1.2166614112754663,0.6049419628315832,57.0524216969808,10.06609412196368,0.6721067935228348,0.1547499315991448,0.3417701171090205,0.1278171176798486,0.5423638939857482,0.133986313465131,0.2585512218376001,0.099989654837126,0.826336249212424,0.1971741834580621,0.3768865711987018,0.102538725839039,38.9,1847263.76,3.17557251908397,1.0384615384615385,25.555010594530945,25.49943407893598
195,1.578765372435252,0.1105871223281003,0.2308419651662309,0.1185954810518649,0.2381126316885153,0.1081850014014855,8.119753046830494,5.1522665762331785,4.8204797546068825,0.4576742989343115,0.6773654227455457,0.075879869473716,0.1945328675831357,0.092403437642219,0.1447737611830234,0.119851065935237,0.0467502700785795,0.0131633806421228,1.2563317919770876,0.4705478319691157,54.92215677897136,9.242069863211048,0.6145983080069224,0.1631923054331589,0.3590568775931994,0.1380936796330846,0.5396346564094225,0.16862672158912,0.2297931155810753,0.0822004652073596,0.888111258049806,0.1984000920310881,0.378427854925394,0.1014613137394719,19.0,177699.67,2.7757009345794392,0.8535353535353536,23.26051690098834,19.000138162964795
196,1.576800641366991,0.0884964910476272,0.2348126670714641,0.1588530298338775,0.2506688849021822,0.1269310018618452,9.815741862280897,5.436414166313752,4.842547052997654,0.4797496229871992,0.6674071343268378,0.0758726427692687,0.1946047492704149,0.0949298494463819,0.1701306450670048,0.121515285577642,0.0451078532200496,0.0154694315957616,1.2267045277660176,0.4856211366406602,55.86808692802817,9.913641505660417,0.6340780359203533,0.1697438943149357,0.3319399382098246,0.1283933379826912,0.5360390869742733,0.1644685754146598,0.2409070745994479,0.0865553355257324,0.856787211309045,0.1914758677718233,0.384396194653996,0.1151090681020024,10.9,488.33,2.5572139303482584,0.7996108949416343,24.18218067926945,18.53672423964931
197,1.5793420096238455,0.0819337367373159,0.2266787356852243,0.1090615292490637,0.252962712633113,0.1119104641275197,8.531576704978942,4.908802752040392,4.741044835249583,0.6016464074053154,0.6814766695102056,0.0859431449230135,0.2006683207427461,0.0890054577303148,0.128655429991583,0.0802509726459089,0.052842690081646,0.0150655459935807,1.00419130474329,0.3241768636978486,54.496017615000405,10.661443370364594,0.6494226699074109,0.1413444761682858,0.367524695644776,0.115217990507674,0.5105387955904007,0.1124232564732023,0.2726421855390072,0.0817747388784383,0.7955604538321495,0.1580002703322809,0.4151148120562235,0.0787452446664316,10.8,4855077.99,2.5208333333333335,0.8161157024793388,22.896302107198913,17.86991597591647
198,1.5705807546774546,0.0899997623462672,0.2121174968623866,0.1124005596624572,0.2199695662750552,0.111706175220434,11.484188612302145,9.649252678622195,4.997837376594544,0.5839435389346821,0.6294400408864022,0.1066121584823339,0.2153943945343295,0.1050174312605411,0.1491783114771048,0.0904662064300454,0.0483240403545399,0.0165380741697704,1.2743136515220006,0.5258762284916124,56.6975757598877,9.331970046651282,0.6584196930130323,0.146310854237019,0.3756075368573268,0.1418001097324999,0.5766543691356977,0.1412035549429276,0.2214850327620903,0.0604149729727163,0.877652429540952,0.125493552765625,0.3451284998406966,0.0903916662670847,16.4,5424173.4,3.432835820895522,0.8057971014492754,28.158209951450164,21.88400685942941
199,1.5713134626547496,0.0960295191974718,0.2801940587659677,0.1141262660280469,0.2336344555330773,0.1382263108127593,13.10064065059026,16.224089687002564,5.137161227067312,0.4975077370243023,0.6120217703282833,0.1027782633174594,0.2168087718387444,0.1106594351527235,0.1572729716077447,0.093492154234732,0.0448515277976791,0.0134919406831321,1.2244797433416048,0.3594153063314101,55.949294090271,8.28015980079401,0.6251511891682943,0.1660039396991982,0.3688151980439821,0.1318527746725535,0.5553335962196191,0.1558538912846694,0.2342809078594049,0.0754443430181658,0.894301118950049,0.1610583183105531,0.381537772466739,0.0981377692850078,8.9,3348061.18,2.5303867403314912,0.6026200873362446,23.100502199116406,13.318206565406395
200,1.5610021750132244,0.0916018671317351,0.2416656068215767,0.1187220682482051,0.2491878192871809,0.1128078914977093,7.102624553442001,3.3905134822515586,4.71801499525706,0.4657745470124442,0.6980609705050786,0.0628977402390427,0.1854555378978451,0.073669082313787,0.1594880616913239,0.1153569335224858,0.0462568771714965,0.0149560947086826,1.1520822847882906,0.5252429466515401,53.25105152130127,8.729880220475792,0.618295926352342,0.1712134804648606,0.3187047565976779,0.0992907485235575,0.5172189337511858,0.1733350267818017,0.2339151491721471,0.0791801356618238,0.83364251156648,0.1983104053043707,0.3900146139164765,0.1192485543006345,9.5,12826786.25,2.707920792079208,0.903107861060329,26.827326805264985,23.32486186800896
