class_id,fractal_dimension_mean,fractal_dimension_std,symm_vertical_mean,symm_vertical_std,symm_horizontal_mean,symm_horizontal_std,glcm_contrast_mean,glcm_contrast_std,glcm_entropy_mean,glcm_entropy_std,glcm_homogeneity_mean,glcm_homogeneity_std,shape_area_ratio_mean,shape_area_ratio_std,shape_compactness_mean,shape_compactness_std,shape_edge_density_mean,shape_edge_density_std,shape_aspect_mean,shape_aspect_std,gray_std_mean,gray_std_std,morph_body_len_ratio_mean,morph_body_len_ratio_std,morph_body_width_ratio_mean,morph_body_width_ratio_std,morph_wing_span_ratio_mean,morph_wing_span_ratio_std,morph_tail_ratio_mean,morph_tail_ratio_std,morph_wing_body_ratio_mean,morph_wing_body_ratio_std,morph_tail_body_ratio_mean,morph_tail_body_ratio_std
1,1.5565659443537394,0.10366164786125215,0.28539921510964633,0.11726222900606943,0.2214444179708759,0.1388638488798228,8.02432370185852,5.976730932500083,4.725538676977157,0.8136682593596659,0.6522338847319286,0.1203981338913365,0.21214919857059916,0.12194684546146028,0.15804388523101806,0.09371172336084967,0.04532694972973938,0.018573609724437026,1.5413004028300443,0.8803323428598993,55.399193890889485,9.548274226451468,0.6693229312698047,0.14026926896793443,0.31074991847078004,0.13846389951284113,0.6102096940080325,0.17261760864668452,0.23203536514192818,0.09269398499471791,0.9082194385429223,0.19413658361464614,0.34913882315158845,0.12472608263097569
2,1.556473481655121,0.10349866054547376,0.287682439154014,0.18019453138594957,0.31275376776854197,0.1740433184557996,9.066055830319723,8.946913977905984,4.64845077196757,0.9704920011857738,0.6778056095043818,0.14821534668368289,0.19109998571996886,0.1064733884918418,0.1623479106153051,0.0735645196714197,0.04393455721437931,0.01552022377845484,1.2262638946374258,0.6690142857682261,56.56360944112142,9.888902774022805,0.6297709825138251,0.17726512744009892,0.3113852683454752,0.12759420465637858,0.5204062896470228,0.18659547454119996,0.2367654658233126,0.09941551040089189,0.8342314943671226,0.21632529496244085,0.38026337946454686,0.12453583194568567
3,1.5231805772616946,0.09472495552318949,0.2811763435923334,0.15698454534617254,0.2680621664682082,0.16279866041285512,8.078695238664233,9.211266943060338,4.296061713120033,1.1477494154028385,0.7152028638741066,0.14725190686656517,0.1668066654418563,0.09627004660475881,0.1469212800007442,0.06990784261778989,0.05017278852455061,0.02087852458762965,1.3465031971191537,0.6963254402026136,50.95538474773539,11.672255443055565,0.6162550426248846,0.16037282667343966,0.3046090020316428,0.14136622357007336,0.5202660902306951,0.13924666330782529,0.23221372979982147,0.09803451493603603,0.863027480655703,0.19174906220983667,0.3778092638942702,0.1297403788347869
4,1.6043452203273774,0.09551576338643789,0.2437939895336361,0.15023720311714944,0.2414840410715745,0.16124663355366395,12.666435555617015,8.491147023742753,5.089957821369171,0.6152105315519665,0.6160385698080063,0.11127126320151977,0.24674458696196477,0.1130742831890873,0.15150131558378538,0.09574970288864895,0.04401832583049933,0.01527164212216067,0.9894179393847783,0.4098826168318533,64.29131266276042,8.399978925869364,0.7092735270659128,0.20255635945581724,0.3420581171909968,0.11252068357428767,0.515145663668712,0.14744709290010222,0.27770352450509866,0.10412236588958497,0.7554937968651454,0.20272840815383095,0.3915767307082812,0.09569619602358262
5,1.6179501495578072,0.08091856962369996,0.2585416530491784,0.13749277408189983,0.286271714351394,0.11686215562140857,9.06558927080848,5.025052229592839,4.804004512049935,0.49589699225506695,0.665505900979042,0.09201558219330919,0.24603896935216404,0.111102339102655,0.16352378873323853,0.11179884332779284,0.040065766566179016,0.011726913867756502,0.8522801297632131,0.3475479554924925,54.556404720653184,10.451661589600128,0.7012186998670752,0.18257704148623033,0.34353227117522195,0.12318738837574063,0.46910821815783327,0.1433601304867356,0.2822438781573014,0.0843558650140287,0.6765388053926554,0.17427733876409257,0.40240194885568187,0.08036141417472738
6,1.586668363431605,0.08867290265618016,0.2480596517462556,0.12526881201579113,0.2814893651662803,0.11776369347469534,9.793857237187828,5.983624235714751,4.929996664931134,0.4849199684744148,0.6463010456503891,0.08058870418229051,0.22616898304805522,0.09427778585542243,0.1316995443549098,0.0698969704022862,0.04969837007726111,0.012127193101621284,0.922401916689989,0.3222138224887695,57.9305475746713,8.147472098350617,0.6715736214707537,0.1342443521779995,0.34496018508585485,0.08522043022207569,0.49162344925287293,0.121009943120947,0.26867538436156946,0.06941323400988854,0.7378613607185643,0.1527603088420091,0.3985542342430208,0.06706524601827815
7,1.5698537489153304,0.10169230031349524,0.297658083121345,0.16521124755257674,0.290235088259544,0.15222493542736565,8.335193121208334,4.646774465815812,4.936970809720597,0.3802844908672623,0.6527304160145094,0.0777603378269156,0.2097231309931233,0.11887438666386001,0.16275429718618123,0.09384866114337076,0.046250806488799596,0.01574442138556719,0.9985882291254008,0.45846627578024635,55.17684072818396,6.7376715773616045,0.6435810040752843,0.15689785159682457,0.32960168820507124,0.13756599020684807,0.47276856173884196,0.13141274863875263,0.24344321396553292,0.08454224065894349,0.7475270898836963,0.1655220625016375,0.37661588529370865,0.09224936506422814
8,1.61215773721536,0.09228568116954008,0.28356857256342966,0.11762664225956437,0.28366144032528,0.1448835377242735,11.566776672999064,7.326481473729541,5.224179272850354,0.46229825980303313,0.5812081812570492,0.08774976035218794,0.26978538806239766,0.12171715616796563,0.15120610307591656,0.09680405387014697,0.04678910741737733,0.013649305673016582,1.5471838278075059,0.49476594027717263,61.364698012669884,8.310783997066398,0.6977614111577471,0.16679402370361165,0.3895407390470306,0.12821308790839708,0.6707176569228371,0.18360546806649425,0.2106644899273912,0.06253060646752331,0.9577880874276161,0.14181896039693032,0.31469645785788697,0.10290158787151656
9,1.6114399918055131,0.0838748904586157,0.27568942119004364,0.14532633846044232,0.27759883817979847,0.14078933184201703,13.661580418126057,15.79032036367318,4.844064902451079,0.7748772258418887,0.6557731446573289,0.14464336089454094,0.24613029250906684,0.09431748510532742,0.1730134007915602,0.09189502687913113,0.035881816204321584,0.010699520717841986,1.1938127425767608,0.49100473783752135,62.90079976744571,8.893102443554938,0.6566937757750689,0.1361484039684906,0.35548753985914133,0.11018952616736265,0.5804091282820297,0.14453959677038733,0.2530954306534791,0.07576020050606856,0.889283542410802,0.18364682920330133,0.385327617748309,0.09625005893595945
10,1.5925938447316488,0.13233590852957813,0.29633044824004173,0.1541180458841948,0.24954914924843857,0.18554048945077342,8.275449405113855,7.136661000544108,4.459983356793722,0.7226900174474712,0.7298849458495776,0.11006490469358882,0.22610298863922557,0.11879504187289927,0.21264480352401732,0.09997258610922204,0.039896430013080436,0.016303528309027114,1.3570273076494535,0.9818669898606108,65.68565635681152,11.71642248528245,0.6181992003073294,0.17590330824861938,0.2899639370540778,0.11913150444104685,0.5219399714221556,0.16580735888205794,0.2535327087311695,0.11394252881142675,0.8488672564427058,0.1623271900537033,0.39846363086253406,0.13330195406959844
11,1.5796541253725687,0.10133144957436035,0.2523361554990212,0.1256159133993285,0.2365633772065242,0.12100134527387037,12.734480241934458,12.547506319228118,4.997554111480713,0.749064899273321,0.6259368091821671,0.12997576525222276,0.22585951505849758,0.12387860793827546,0.16547720320522785,0.09456048249368387,0.04517354226360718,0.01637995442057582,1.3909639249245325,0.48320444409231283,61.89801858266195,7.236826873441557,0.6488531281550726,0.1681312335563343,0.33259055217107136,0.13038766284298262,0.6027038899560769,0.1618955930192201,0.22733051404356958,0.08272037072547866,0.934317417939504,0.1271985605341054,0.35420408050219215,0.09998326469131938
12,1.6235566841704505,0.0641369102191261,0.29544513632676433,0.1264813025599835,0.2649357583639877,0.10426491071561675,9.566382627402033,7.9403688323477635,4.8795691813741415,0.6136748290538908,0.6669598408043385,0.11462374760819063,0.2805065641711865,0.09594738665055429,0.1982725000541125,0.11228135992577432,0.03765604462075446,0.009948638862553698,0.9929514974355698,0.41909453151733844,62.715788568769185,9.456781455364931,0.7076034407530513,0.12920756687306173,0.33470976033381056,0.09746062142303277,0.5506785072918449,0.13615452439950643,0.3134138882160187,0.08316734262461817,0.7865670211613178,0.20137620265867442,0.4390224383345672,0.08892210365866812
13,1.5594479163487753,0.1055580669241646,0.2083463928856266,0.13669064105389514,0.19858855077375967,0.1151723448781951,11.401520347595214,7.511225853280804,4.606720387935638,0.6428758214576968,0.6938072100281716,0.10338828680358188,0.20963674490340053,0.08369611799588336,0.2334999345242977,0.10980039628684622,0.04423570844034354,0.02006491180345083,0.9543116743365924,0.28510708384914324,56.203761927286784,9.011393982246972,0.6278397233535846,0.13619834679320908,0.2885334879780809,0.10380583335495669,0.4892806784560283,0.12969092643656502,0.26880448643739024,0.0739716574588538,0.7829077606399854,0.14727755122569622,0.42461398243904114,0.0747583758410493
14,1.6516688406467437,0.078559613376406,0.23391619939357042,0.1321091200186195,0.21300885466237862,0.09536496530063,10.547463606794675,7.654896323584528,5.0311611493428545,0.5193996742932625,0.6343004092574119,0.10552544357865276,0.30647766940916576,0.12269891872905096,0.20235885021587213,0.12335730644072443,0.0376770181581378,0.0139556619268591,1.0892216210563979,0.37244803098121154,57.12681566874186,9.095335567472448,0.6655990466475487,0.16368593770686135,0.3936574832846721,0.12346414588809719,0.5720786367853482,0.1758741809247472,0.27942001602301997,0.08301032664291617,0.8560641929507256,0.17265806085220406,0.4211651804546515,0.0958010011067536
15,1.60327999756254,0.08237058673520743,0.2012269576561862,0.0959440819512237,0.20732902326010938,0.099239311108833,12.099034457371152,9.13058593673195,4.9714288218268035,0.6222383417777684,0.6415305060559305,0.10731734406531405,0.23196739497883567,0.10565635423848317,0.15321705869302668,0.07924451325394648,0.04722848797923532,0.010980670269515646,1.102626273344303,0.46827621077815057,56.29990702661975,8.69499358993274,0.675772175192833,0.16053565563955297,0.3466904669486243,0.11574080165250249,0.5357219910827177,0.136062362164379,0.2686711834936306,0.08896479158574377,0.8013552550611824,0.15218297239656453,0.4018142918317482,0.11237504741502767
16,1.6163989367156193,0.1061389272622368,0.2311886890695013,0.1121210602592597,0.2010700636190073,0.12825361969472954,9.421732803870892,6.873881310367145,4.984628344404286,0.4810578718253856,0.6428870384035439,0.09221881831453081,0.2549193647112055,0.12242060683686837,0.15601835817355533,0.10700497149884712,0.04498012010650388,0.012993378965629807,1.1139431909240525,0.43393646348223924,55.020383999265476,9.345574974517621,0.6534858846972729,0.18085272151342577,0.38047546700670803,0.14661794234844636,0.5461104925850342,0.17155696122931255,0.2734353502505812,0.09754456213089734,0.8484861234138752,0.18892409498216847,0.41539451274378547,0.10039858448285821
17,1.629138333755627,0.09747612053667078,0.22367132734507322,0.1348903550869186,0.23846471621736623,0.11864875132438536,7.876899494413744,12.062953084656364,4.670426644776997,0.6224937335551103,0.7041369064858085,0.11303558268684777,0.277665523387361,0.1287787918254193,0.17501849975240857,0.10750321664594326,0.033747192455880475,0.012839082120164023,0.9791213409942493,0.3939274177124722,54.29935542324133,9.464430027563168,0.6881235244504192,0.1752794669742009,0.37128520979170215,0.12029235198173718,0.5287962482686628,0.15953810917220834,0.28016892794454307,0.08794636531302123,0.7763443050677317,0.17963969735612398,0.40880290222795385,0.08749445506136043
18,1.5565315008163452,0.1175589490484576,0.20143906846642495,0.12009807896535875,0.24940590113401412,0.10423250975396949,9.93940282927619,5.545217995673024,5.058863343132867,0.4025919404580446,0.6228985150655111,0.0767401929893262,0.16772478098670643,0.08469267439422797,0.16399253548847303,0.08942411523364244,0.05074227433651686,0.0157056787548078,1.1512682596842447,0.5982583383141702,57.99856296115451,6.990147830274752,0.5852728851967388,0.2010704200527662,0.2928246799442503,0.11103237632008828,0.45731143256028495,0.15969637530242167,0.2225799703763591,0.09370366912165738,0.8054373307360543,0.18503944476005366,0.3868024006485939,0.11947884675376776
19,1.5757878453044567,0.08080764192173011,0.2811739266202864,0.16393815108346263,0.24385241381192613,0.1251803090212757,9.008191817897861,6.122691204197814,4.971223338175628,0.464217563198066,0.6571164904004436,0.09307363002469102,0.1847563144135273,0.08832877425115737,0.11807799093046431,0.05813365844784462,0.04684938121018773,0.01369331207703666,1.4049467606059576,0.6709236810584037,57.558793019440216,8.708609891843311,0.641721099615097,0.15423353168180334,0.32768483321040365,0.12440893990797047,0.5528144199969405,0.17342075278219302,0.2105703984655566,0.07997146053434874,0.8604687164395542,0.19582337891871682,0.33585359926446007,0.12162964981565125
20,1.5689086004839106,0.10405863462672184,0.23283977045724957,0.09900472752955944,0.2381124506562443,0.1161988651595294,8.971533498521579,6.310224698138745,4.815487029188771,0.649186904861036,0.6676716900477975,0.09978970968307109,0.20231110359526286,0.10834142857797809,0.16242471438343242,0.1019396680408565,0.04954026775213621,0.012461045730937452,1.2062654010320113,0.5299276476248442,56.75599773859574,9.922644899760295,0.6403793657230119,0.17212842575177978,0.3124128678592585,0.11686558138983402,0.525942736510503,0.16382958448336615,0.24297662521317853,0.0948098207710767,0.8266638310278877,0.184651340219603,0.3820187934374405,0.11321987531068467
21,1.6139649669329326,0.09256692651974369,0.21389955847213665,0.1174741648545393,0.23584832763299346,0.11690090790344737,11.312685066461563,8.65235490288736,5.023285035292307,0.5984324178958574,0.6406947210431099,0.11874968327222961,0.23336315828685958,0.11780162041151887,0.1312628865552445,0.0898204344510154,0.047313805172840756,0.015993873911054904,1.2573031256596248,0.49390701600155007,61.077591005961104,8.323189970517749,0.6708502098917961,0.1922369120128607,0.3751584764569998,0.13958031781325353,0.5817199324568113,0.1620656246907357,0.2439491185049216,0.08171590172615423,0.8859151075283687,0.18041941066903006,0.36998903900384905,0.09612766616919344
22,1.5599638457809175,0.1207775841455343,0.20983340138835566,0.1258034234943429,0.19186381875936473,0.12168546341630332,18.17745166165488,11.918398335855976,5.561781065804618,0.4579430025370707,0.5250375478395394,0.10537467667726676,0.18320677459373005,0.11731280872952565,0.1139325322915933,0.08063627727703798,0.05113155138678849,0.015038223588405925,1.568956813641957,0.6394290853600578,64.28764295578003,6.858141713292057,0.6439985337534121,0.21305908098143037,0.3027017599503909,0.14312141036440632,0.5649380832910538,0.18979471446868754,0.199999459620033,0.08385058280265427,0.8928175688322101,0.14757585224152334,0.31770807118820293,0.10474257222434241
23,1.595089265855692,0.11348353524442235,0.2489475560358773,0.1800574428336815,0.335483350285913,0.179468318515388,9.172988280401391,7.460073752711873,4.686397863646685,0.7585103524008424,0.6774747371673584,0.11826084531247791,0.23333618531035163,0.1228302395396141,0.1753506778534186,0.10244133306108365,0.03788444357213833,0.014249061243096967,1.0950315135010218,0.543501411656228,62.72099090834796,9.633752728430622,0.6319893613710241,0.1758381365885029,0.3444723892262426,0.13741071655670883,0.5099167182283887,0.17888218198297806,0.24049423748658874,0.07979810970959855,0.8241165841029863,0.253538763643769,0.38265752261978087,0.08550445544935266
24,1.5996260184508104,0.08867096133749451,0.28463914227457,0.15410283191112614,0.3225169735602461,0.16150336725535294,8.354272218850943,7.277302617085471,4.588900052584135,0.7256436014034721,0.6964377795274441,0.12243544790236549,0.24020367989746425,0.1164936948566032,0.19910449255257845,0.11214836433616762,0.03696401906199753,0.012788097164676954,0.8592032847496179,0.39283331220633827,59.902910452622635,10.613836813796404,0.6397509099199221,0.1872077274033505,0.3150056990293356,0.10332637027590373,0.43384794289102924,0.13503423468669795,0.27074423919503504,0.09185742362868013,0.7127049725789291,0.2301399454607427,0.4207361094080485,0.09237948664533334
25,1.5667262057463327,0.1348995078181378,0.27954958733171226,0.15361141992961924,0.2886827340659996,0.1361165726094443,12.208201360702514,11.226174836547287,4.8665832857290905,0.8461304356380818,0.6352414910991987,0.1215809407511044,0.2309718751658996,0.10332657940963444,0.15936014608790477,0.1219962370562451,0.03998973884930213,0.012915146456007743,1.1468907698988915,1.3117241218745768,62.73048038482666,10.297561720512986,0.6755777188887199,0.19480934062729063,0.31228917179008325,0.10634706277917796,0.48964832021544374,0.17880897619191358,0.25442753623550135,0.09803507707806994,0.7466506391763688,0.25338085534436733,0.37708789358536404,0.10137685020301454
26,1.5869504551092783,0.09090631512810399,0.2728809114235143,0.13112886306550897,0.2640672380104661,0.13175475601087913,11.523813223838806,10.583936658168804,4.962360326449076,0.6619928511941062,0.6391007979710897,0.125071535416741,0.2184708231439193,0.0853444066877736,0.1712196692203482,0.10447789658953459,0.04355935988326867,0.016312728859948694,1.3178704112768174,0.5955052231351321,64.65780544281006,9.899034788856454,0.6469305525223414,0.1285453722718188,0.3251464836299419,0.1092841205047372,0.5804588673015435,0.15899457735685804,0.25384167283773423,0.07885620369415812,0.8921098853151004,0.17674109900057233,0.3988846475879351,0.11762926712659301
27,1.5925261239210764,0.09332110462625173,0.25336561566218735,0.11317227023325,0.2982751081387202,0.12120522430630008,10.106534657875697,6.665817816565219,4.852717677752177,0.7049075064231564,0.6541584635774295,0.1169770998967569,0.240064269118011,0.10624599368129443,0.16818291967113813,0.08027876643926328,0.041809518821537495,0.013649040511505764,1.3257230599721272,0.4624121659773358,62.810361035664876,9.635266906280773,0.6704733386635781,0.14860623943363915,0.34294678767522174,0.11723003824616934,0.6026810854673386,0.12970730150260537,0.24886384109656015,0.08858171561285304,0.9170770982901255,0.16962630585834232,0.36880497510234517,0.10150327238554852
28,1.586575774823205,0.09426195344097509,0.20176695906004663,0.14608141918154025,0.2192043805952673,0.15477234790820743,18.225744631330844,12.510639930093625,5.299461595082687,0.5118912957144249,0.5787570971553608,0.09838815064121467,0.19230430964696205,0.10914966040625876,0.1522989117745626,0.11814323481680239,0.049964836830178556,0.01585718088108308,0.7053442228648622,0.4019434423336003,61.99621142371226,9.60979995251727,0.6128837779416876,0.1847350959679923,0.2744251545202934,0.11911661989078345,0.3564029027849941,0.13807847168177156,0.28508323620436554,0.09991735059606895,0.5935766583277007,0.20892714999416073,0.4554940732353825,0.0831584313734808
29,1.6009979645411174,0.07727766197078699,0.26013178502519924,0.10293639271083085,0.22949582788472375,0.1086609304067405,10.596679310003916,7.481249186810957,4.875791986783345,0.703659776372547,0.6484580333034198,0.12182344915551131,0.22942158055181305,0.09893417102593009,0.14564515066643555,0.07632410505286467,0.03843166856095195,0.012414809905747469,1.3827579279740652,0.38974216942329465,63.841297467549644,9.428719422541427,0.6749674282968045,0.15412278095704215,0.3310709182173014,0.11521455944285468,0.6327175659437975,0.14990648360764144,0.23948392203698557,0.07779754111203946,0.9409831792116166,0.11804998527444596,0.3555851235985756,0.09045298261568378
30,1.5745277633269628,0.1616822599527413,0.26868104046831526,0.12831060521753052,0.26856842866788305,0.15479345755655355,8.985908762613933,7.4418275988092955,4.56970492998759,0.8044155947538278,0.7004807511965434,0.12420802971092954,0.23396929036049793,0.12448038210030203,0.18464927971363068,0.1332034854059598,0.042093668350329,0.02142306991949547,1.3665164192517598,0.9453922374962501,67.48112958272299,9.11275041841099,0.6751010650147994,0.18781010945422014,0.3106577513118585,0.11806919984918166,0.5750498422731956,0.1809087622283869,0.2415341342178484,0.08831334229837963,0.8499684378504753,0.1467346947931177,0.36433014577875533,0.10992745478394647
31,1.5464630464712779,0.10322836726241832,0.23669756390154362,0.1291628426631719,0.25807294317831597,0.14568239066266753,7.8881065805753074,4.194923774216677,4.9927550514539085,0.3487823063792754,0.6537846068541209,0.0649225864237881,0.17067563493425647,0.10199074311763143,0.13718682614465555,0.0984332258244512,0.05194543907418847,0.014826793582228917,1.0225532213846842,0.4944040168462396,59.87962086995443,7.515001625749594,0.6133670583367348,0.21445655862698174,0.3045089227457841,0.13842981764877288,0.46225674090286095,0.18234905329597495,0.24913982823491096,0.09505454060812554,0.7527639597654343,0.16871745318172834,0.4185746144503355,0.10746231106452854
32,1.5706914056022212,0.10426239430413776,0.2398698074075411,0.14126098472133444,0.2322892004443895,0.11439930105213506,10.483112870522266,6.9706250477073715,5.0831921370524284,0.4404374957204092,0.6290736698879386,0.08699932475595916,0.2065592514315866,0.13756857442802312,0.14684256616066088,0.09979366197179187,0.05028123123887575,0.014336513666790108,1.0295114123596336,0.4259658642770836,63.4449312461997,8.706664332148819,0.6202233574300442,0.23334696351117365,0.3349828211204061,0.15748463055237888,0.47623877958306726,0.19069172649164495,0.2687430875903031,0.1087456330181979,0.7837089069609372,0.18025562871415757,0.4345066912893979,0.09452006957601275
33,1.5452320272639646,0.11698923048628829,0.24400230026724984,0.13700742293199028,0.2720749435030808,0.16228284714348834,10.080611661329108,6.412814087095317,5.026088678230674,0.5202792397767587,0.6428759375871238,0.09073604814800076,0.1765453185949285,0.12043082102242572,0.15651678552819512,0.10092884031800248,0.05311682081576121,0.0144575243465566,1.0386590725284512,0.4636250509583507,64.95339791249421,8.761312728154584,0.5804277706449315,0.2231490808245976,0.29684023268647114,0.14838040982717357,0.42731801647756057,0.1408415301838401,0.23677995523153725,0.1159711562321021,0.7678099037226984,0.1702392793759243,0.4032848745079364,0.09507278238331382
34,1.5807267629494102,0.10006243266149259,0.22389133369265976,0.12797194119421632,0.25506087919791876,0.1276558429206255,13.683724633717942,9.460839544084825,5.133000826431533,0.585498251699859,0.6129986027539787,0.11578777195017236,0.22467769985481845,0.11785644060049026,0.13694988105888084,0.07912059739604005,0.04569014769552623,0.014330202476229995,1.3500172657481695,0.7453511535866233,60.49151624259302,8.692600986100487,0.665638006844763,0.16686801425928732,0.3472026998208741,0.12170270457300444,0.5680557322704186,0.165483519180042,0.22889091857409072,0.0881606921502283,0.8543279287168535,0.15808034510590027,0.35095866277056226,0.12284929684475521
35,1.5784732043743133,0.08320337858472598,0.22213192506848525,0.1350967908655225,0.22049564309418201,0.12701277338623246,7.7679108619689945,7.369030271947104,4.729376661777496,0.48032734714969855,0.6923599218328794,0.0845898498542648,0.2010911263525486,0.08774668159888724,0.15832133268316587,0.1317822247857972,0.04540414397294323,0.011322269812714019,1.2117883945504824,0.5272655374140519,53.79691899617513,9.449553206989005,0.6435115044315656,0.15934457774792865,0.3386801061530908,0.11220125397781307,0.5351004267732302,0.1512300229268898,0.2442854218184948,0.09543825968313908,0.8544107432166735,0.20402434527579438,0.379748226950566,0.10666608968572767
36,1.5759342948595683,0.10160820260234982,0.19956320722897847,0.1171972325014419,0.20924843090275924,0.12028436657824362,15.069423055648803,8.423967885552848,5.1239149888356526,0.6416779481238404,0.61016699274381,0.10568536668169931,0.2006049120798707,0.10908746973857014,0.131359491062661,0.08766173010667684,0.046050457765037814,0.015422173152948445,1.1255998740593591,0.66270763877367,63.3048770904541,8.623642039127928,0.6601427649458249,0.17322669756396902,0.3228302868704001,0.10733902197155977,0.4976558491587639,0.1660066081492996,0.2600856851786375,0.10236725451011874,0.7715365792314212,0.22035450604567297,0.39543793549140294,0.11988345341778446
37,1.5569014650280193,0.10834277185540125,0.23605034835005212,0.14423203994601272,0.21555166063293563,0.10819481910572283,8.131143036535232,5.09391146972648,4.7489816415107855,0.35628866905313317,0.6965112665952262,0.05681176352096167,0.1837208180735677,0.10706120142323909,0.17506606409610329,0.12065837414156579,0.04818795911841473,0.015796901066792116,1.0482110487202467,0.5129378223850375,55.89542479434256,9.005537562178837,0.6069295598288714,0.20196135631232337,0.3080597231953831,0.12861605098286527,0.46866322510828407,0.16949763325009629,0.24450116086814364,0.09106604372598641,0.7802140076281661,0.18224742110858747,0.407112437663442,0.09371189679264971
38,1.550450587272644,0.09876304467301676,0.21909764239292903,0.13680504609363422,0.22252109967327366,0.11533046637414576,8.84591257373492,6.573606632007863,4.7702968915303545,0.4969217426838898,0.6951910903056463,0.08927222348535889,0.17073970927546422,0.09843308985381069,0.15245575237398346,0.11627397482774533,0.04890974784890811,0.016197415915437573,1.105104956527551,0.5276082338176215,58.412016995747884,8.428479085207144,0.6273659229278564,0.20241983440973937,0.2964921637127797,0.13665647916418164,0.4848244624833266,0.1625394798630426,0.2461142019679149,0.10003522456515572,0.7877731407682101,0.1833508684389855,0.3958361485352119,0.1077325095058041
39,1.5628195071624498,0.09905076516218746,0.2617039075279135,0.1380015738940736,0.2645679865095575,0.1470391300360794,8.835269234948239,5.250559319505456,4.907415866851807,0.46406028317946607,0.6693014527781534,0.07886973700324677,0.1918772830927776,0.09937799418562572,0.15051786487890503,0.084579978695491,0.049947960112812155,0.014888515859861408,1.1009558469562206,0.7696270583128907,58.43271287821107,9.645799299793154,0.6199604929503748,0.17484159363551166,0.3156584774033498,0.11747707084929938,0.4659171248391523,0.13209470171702836,0.25514086241186673,0.1136303120926144,0.7750863235885814,0.18974432178395587,0.40311886174446443,0.11743840988375337
40,1.5962768773237863,0.09085929954108111,0.2263240545449662,0.14772793119897507,0.25315286150823035,0.12776468922973222,5.970965554316838,4.472434016706692,4.2255961457888285,0.6635281174971398,0.7375975767771403,0.0739639347010829,0.2510009583706657,0.1164036164306049,0.16996358825514715,0.09321641531444107,0.044471785767624776,0.017104163934666166,0.768621800839901,0.32522816652020636,55.37774836222331,11.676132798276274,0.6912903994321823,0.14116070352376914,0.3239262020836274,0.08480510332254275,0.4594448576370875,0.14813840845208032,0.32347217773397763,0.09116430146600009,0.6640782440702121,0.2004392202300061,0.46362781946857773,0.0943309906789628
41,1.5246043801307678,0.11048771821471566,0.2519509313007196,0.1599627061894686,0.17671634103171527,0.15516173289196053,8.456787935892741,8.625797682150518,4.067376641432444,0.9092242103670738,0.7444678778449695,0.12963428176426528,0.1431532750216623,0.08550664691525772,0.187648077805837,0.0974451881275464,0.05359267992898822,0.01975830930527896,1.4328812599182128,0.7782731366371318,45.45573463439941,10.442428313584,0.5789164376755556,0.18387716558522818,0.24760363499323526,0.107453489530904,0.5057443072398503,0.17527891172293322,0.20448392182588576,0.09539921966029838,0.8721873581409454,0.14251517694309315,0.36518530212342737,0.141216645929045
42,1.6046627581119537,0.08700967438522778,0.23709029344220955,0.13008596709726608,0.2396391931300362,0.12323564170586855,6.4598661740620935,3.7554835906790505,4.329616975784302,0.5107927270051997,0.7483798970778783,0.054486303483854255,0.2602301901827256,0.10218145287700864,0.2116736308981975,0.10430552112757446,0.03755367008658747,0.013957989039928962,1.0929764300584792,0.3151902122694929,51.626378854115806,11.89494444159427,0.6553827578822772,0.11532330138880788,0.3581310528020064,0.1050778944537689,0.5700769349932671,0.11316401798512354,0.2726753417402506,0.07577249171114964,0.8729301482439041,0.1243769019208973,0.41537579546372094,0.08936217679809162
43,1.5512412180334836,0.10110920610259069,0.25143498712677065,0.1435238064098674,0.25912506272227076,0.15316285411115443,7.4016252493454235,4.175181761606918,4.797725382497755,0.4092036923244061,0.6836907762592122,0.06681998706626308,0.19123326327209755,0.09131763982395374,0.16124490484342738,0.09625050943986432,0.04924610743330697,0.01793139848907111,0.9442347651821071,0.4778520233767476,55.819814714334775,8.67339235913496,0.6105013699349711,0.19119452560657996,0.33558746439925696,0.13024622579630346,0.4554913099539482,0.14293278399083706,0.2616629621992677,0.10041236371196426,0.7570691457239248,0.18379941545333953,0.4242648857377343,0.09595590522199503
44,1.4952852785587312,0.17992765969752994,0.2951486491054917,0.19590987416921757,0.28672125736872356,0.17463494681267294,5.987957827250162,6.180242455271771,3.624827653169632,1.2417400632058888,0.783320015668869,0.1396377733920529,0.15665573156438767,0.12346203795103039,0.22425920497626067,0.152201813492156,0.05030336951216062,0.027859763210492553,1.3601956978440284,0.6505685544374884,55.77418257395426,11.001280842286763,0.5621148472651839,0.2615542719145366,0.22327284067869185,0.13017862560904023,0.4599757776906093,0.23504956024453147,0.2000104089733213,0.11075691581791147,0.8394847015539805,0.185817388476605,0.3516617534061273,0.10872101800259303
45,1.5452735702196756,0.0946584461304302,0.31356245077525574,0.1535710590990372,0.28191941070059934,0.15571596741901322,7.249589286247889,5.7502301700485,4.577501034736633,0.8322559914129715,0.6830543627341589,0.11713080804303631,0.1674118200627466,0.07889253446151957,0.1570512717589736,0.08761511900122629,0.05075859390199185,0.012939467615183296,1.5520933757225672,0.7087449497302574,52.96325845718384,10.50299097811571,0.595568257321914,0.14950008412216875,0.2944759984811147,0.11776495913032994,0.5417354819675286,0.16521901618080279,0.18885985954354206,0.06778404464612207,0.9108125368754069,0.1565774778555514,0.3229135109732548,0.10704433546962559
46,1.5798325876394907,0.10841712098796619,0.30015438633660474,0.1228497421164449,0.2438065509001414,0.1392449138016125,19.443727427721022,12.840924963934647,5.374192214012146,0.5413007988851769,0.5556466589371364,0.10230472427537925,0.21529705794528126,0.11016501936444276,0.15895988655587037,0.08365023563029958,0.04321434025187045,0.015395680295192801,1.9831829875707627,0.7078598859276748,59.77012303670247,7.045657014778516,0.6467709916333357,0.17357746467664945,0.28542861764629684,0.10450123166944267,0.6147777395943801,0.17469267410433198,0.14626287699987492,0.053474232599504616,0.9545603106419246,0.11950135534252246,0.2402905285358429,0.09608039961367482
47,1.617968448003133,0.07307585346140727,0.27730465070344507,0.1229618023324805,0.2522792246347914,0.14650357024336869,8.375676675637562,6.282678116741902,4.683546324570973,0.48441949692025227,0.7194549749294917,0.08318663897522871,0.25040892449518043,0.09474084363260953,0.15775565380851428,0.08171893097708981,0.04161728589485089,0.01163422928554619,1.1121352712313335,0.5188143709586748,57.147529474894206,9.0871071721762,0.6854349424441656,0.14462419694254777,0.3413131182392438,0.09146729678894791,0.5532270260155201,0.1480599519572385,0.28240474238991736,0.08243503134419776,0.8112769067287445,0.1912996397563396,0.4146752921243509,0.11022490732126644
48,1.5534702777862548,0.07886904869159025,0.19865128298600515,0.09496513153771141,0.19965124173710744,0.10946500307065306,9.991623357931774,7.309466109044308,4.736645134290059,0.6246326623234764,0.682847549021244,0.1028966644288284,0.1827433343976736,0.07493732954459509,0.14808645142863194,0.06993634523178162,0.05174324942442278,0.013635927407284422,1.184897140910228,0.49067286427736123,56.03331839243571,9.939201284991995,0.623962128162384,0.1390178809081745,0.31057602080206076,0.09281467576526149,0.5259961997469266,0.14432745617840287,0.24848974098761875,0.07368729969224025,0.8471703300873439,0.19220924321733776,0.3989253389338652,0.09633081604566796
49,1.5920294880867005,0.0993693057344805,0.25630962730695805,0.160318387551486,0.24437988304222624,0.13834552037093495,8.668324502309163,7.348014306323635,4.706634052594503,0.6516862311041213,0.6984696711103121,0.11175743179741629,0.21229780185967684,0.1100032674334672,0.15642054236183564,0.08206804686320472,0.04040618174088498,0.013783052132609913,1.4093615512053173,1.13208407890134,60.26347115834554,8.645576333356427,0.6894653394818306,0.16454922590879306,0.3052527527014414,0.11809387978832965,0.5725784420967102,0.1589389086565754,0.24284420056889455,0.0869335546404234,0.8351018831133843,0.15818900434447236,0.3566827540596326,0.11177035098639541
50,1.5899589478969574,0.0836414327516192,0.3429716382175684,0.13579372210844362,0.2795554632941882,0.13427022826411003,10.670647396643956,6.5764723241204885,5.068900382518768,0.5073705844071992,0.60780521184206,0.08999286333361357,0.23900960025688012,0.07927072484435088,0.15794536092629036,0.08865429971636254,0.04254507136841615,0.012054190933770114,1.82656140824159,0.8106533225718814,57.20753135681152,5.987556815010051,0.6935132741928101,0.14506149971068477,0.35162014824648696,0.11779923925195314,0.6562382673223813,0.13441713873995725,0.1698582237586379,0.06178432088272605,0.9508739391962687,0.09218860970659029,0.2555898872514566,0.10586348361316102
51,1.5873516102631886,0.08348502755583509,0.3287858949353298,0.11672938955397656,0.254036383330822,0.1188539297546528,9.821355831623077,4.528964436842867,4.962253375848134,0.4353531775014148,0.6284840409954389,0.06837789261735332,0.23997915250559648,0.08218991324432798,0.17679432121415933,0.08984709639788367,0.040910704138999186,0.012593476510133218,1.6964818547169367,0.5600115116311234,55.94864673614502,8.609784517292919,0.6747744033734003,0.14934749701253955,0.3424008756875992,0.10440028124405229,0.6439461121956508,0.1390888985835857,0.16910971874992053,0.05223903273540913,0.9555565138657888,0.08029580884994972,0.26121894605457785,0.09368943071015799
52,1.5806246519088745,0.09456465276182409,0.3019085242102543,0.1306274410331888,0.2231382602204879,0.1084793409050644,14.038566692670186,10.649777899747797,5.106369590759277,0.5594915391120808,0.591125504175822,0.09654746428265505,0.27315341209371885,0.10874781337419728,0.17059910198052725,0.09385532015605627,0.04102547471411526,0.016576974941498696,1.533295014500618,0.48072723385958777,56.94733994801839,8.920972988546788,0.7070420687397321,0.12098175603937104,0.3969418940444787,0.09414848517737219,0.6614164809385935,0.12535453725160417,0.18587899679938952,0.04627347777141221,0.9379163404305776,0.11227859580149492,0.26933165329198044,0.0767132975433872
53,1.5527971267700196,0.086161279917135,0.3316068528840939,0.13376057693810336,0.22367491188148658,0.15998732463062842,11.394308280944824,9.871144743078126,4.916888984044393,0.687990505638593,0.6181580007076264,0.11263031843571436,0.19054894583920637,0.07360375729749666,0.1694759036724766,0.08491515523989372,0.047771331605811915,0.015056189502250667,1.7806235164403916,0.7538640117569416,52.81016286214193,8.87212353660898,0.6577051604787508,0.14775650808562865,0.30415891036391257,0.11228085844630524,0.6052624933421612,0.1596942698692787,0.1623267291734616,0.06655510277723009,0.9261181379357973,0.16140701408001598,0.25219050484399,0.10575523232960347
54,1.595740395784378,0.09199845528505617,0.19681366660321753,0.10866044472174695,0.23237295142995815,0.14155479412812477,12.08276853164037,9.30133054577107,5.073473878701528,0.5686183487767341,0.6233087494969368,0.10927861853778524,0.26041030921041963,0.1129033245780009,0.15997467786073685,0.09289548474890137,0.044932774857928355,0.015712668766895987,0.9995821674664815,0.42253935653433444,56.76245333353678,9.693473723190445,0.7249300360679627,0.15755062929184233,0.34594795691470304,0.11734365695631507,0.5429929306109746,0.15565452996784035,0.3021820163975159,0.09876823359916646,0.7551954795916875,0.19285270541024882,0.4127211930851142,0.09016787819983427
55,1.6014779925346374,0.08941460068036677,0.2247110947656135,0.12431126692041847,0.22155363814284404,0.107519414383801,8.929930265744527,7.597913498897905,4.8975717703501385,0.3967039913636619,0.685814592242241,0.08340581236030031,0.23873356779416402,0.11614307338368601,0.15204453648378452,0.08234521071587468,0.0402901337792476,0.01211144654271244,1.3007693563898404,0.5478709673211891,57.52183488210042,7.788241320522272,0.653142370780309,0.12844735784982536,0.3518501196056604,0.1360930368386831,0.5946486202379068,0.14734443342482312,0.24301029493411383,0.08272467853280836,0.9083939949671428,0.16259907528442863,0.36907460701962314,0.10024333910846588
56,1.591875813404719,0.08787500104626664,0.22095400067046284,0.12187028752932898,0.2326009104649226,0.12486524184697112,11.564452715714772,8.086365620262745,4.910840952396393,0.6458579412918672,0.6533073772986729,0.0938502628260768,0.20615898575633765,0.08600464435185672,0.15055345067133505,0.09880695564636453,0.044039376204212506,0.012524108802851498,1.163603481153647,0.47525247587406066,57.94643758138021,10.01972041278388,0.6617128799359003,0.15823164843083198,0.33702442844708763,0.1106702592341655,0.5516778700053692,0.15753779813910984,0.2555350258946419,0.07793582461434581,0.8386243939399719,0.17045323833630882,0.38925752962629,0.08439230137985877
57,1.5929566343625388,0.10294941329872198,0.25847635365401705,0.14047597630272673,0.2442420152326425,0.12300171483256143,7.763361890117327,4.875259322274293,4.86228057940801,0.4464678346532028,0.6920832430322965,0.0828139291500073,0.2231360321243604,0.12386786457506527,0.1839129587635398,0.11085632129835303,0.042279244664435583,0.014201969070400418,1.2839023672044276,0.8501756496001592,60.53180446624756,8.387007935263432,0.6396623616417249,0.19399772624244518,0.33511925985415775,0.14763552598771937,0.5354861346383889,0.17130650943950707,0.23896150495857,0.09119716316930099,0.8506987164417903,0.1816330961684362,0.37843001515915,0.10572271670912424
58,1.5956931463603317,0.08958902459758186,0.28219197240882904,0.11746239533312036,0.2695902420272087,0.12505512488016396,10.802030949757016,7.745477648570633,5.037097791145587,0.5133486193988406,0.6285561230675928,0.09088930889341222,0.24558994674990917,0.11166404443323354,0.14754730199688468,0.08472646030388359,0.04527593545358757,0.012032398974709303,1.397992520496763,0.5919902600798702,60.87631146661167,8.495156311782655,0.6904996692620474,0.15246039025834893,0.36086983773215064,0.13271230360902786,0.6165019281465431,0.16614419406754308,0.2278412557367621,0.07451233538511444,0.8944109837556707,0.1615708139528807,0.33965217399186104,0.10757712515737342
59,1.5657706916332246,0.08662905058928748,0.30374903517464796,0.15497792125413037,0.3161702751802901,0.16513590432105282,7.784676078955332,5.952492639427961,4.6595300475756325,0.7299243265374379,0.6817846611142159,0.12267956932635854,0.18453951242069402,0.1125410150075872,0.1664912611246109,0.10182370560221736,0.04564885093520085,0.013896974349306934,1.9203827361265817,1.8487374735761606,52.36505126953125,9.624878518090059,0.6595991646250089,0.1667441186734128,0.2959862938771645,0.14313202691949772,0.5980187498033047,0.15588761850078633,0.18573478711768984,0.07755927101959614,0.9133903051416079,0.13800528347332425,0.2938414721749723,0.1159779035052211
60,1.5519057653718076,0.07373139951527564,0.24944168071152042,0.14704648968336015,0.2900180227233697,0.13046420693008443,10.512022599325341,12.453335494427323,4.905987367791645,0.7141960118677462,0.641181902360108,0.13676677363808168,0.17380893899727676,0.06982820417494823,0.13317189706584154,0.07784429126646651,0.044883766432561104,0.014230252556874436,1.5531589530282102,1.07714655625968,54.14059797383971,8.730249708934679,0.6567892901978251,0.1535569066043961,0.31867760760804353,0.10250091677821996,0.5934528668048018,0.12783997854642032,0.20627733509419327,0.07977874516751567,0.9154433800002276,0.11921370739854477,0.3265580200921681,0.11836480512431549
61,1.5715551575024922,0.08051483353766423,0.3087345023949941,0.13307722645847664,0.28155282412966093,0.1599041281514759,6.697675933440526,5.430797010876968,4.5372460126876835,0.7044315700198923,0.7073961804310481,0.10659636753003943,0.18835958254834015,0.07605957903946828,0.15027475853761038,0.09738184978567084,0.04000753657892346,0.011638257940858108,1.5277156581481297,0.7964009286227048,52.167236455281575,9.983366478498997,0.623501542210579,0.14392948655506432,0.3297395686308543,0.10288819128716983,0.5819544757405917,0.13010906981768885,0.2128904912620783,0.07022049545413692,0.942168727517128,0.15940494702323116,0.3515159328778585,0.11744501031990447
62,1.5630898654460907,0.06157558464064973,0.2973134471103549,0.1259769364276877,0.27095062063890507,0.14402362397196405,6.897460903724035,5.902754138194572,4.510200822353363,0.7413564193176263,0.7100988735755285,0.116072695231955,0.17099662069231272,0.07569755590374587,0.15355423723037046,0.10037089150543228,0.04295571545759837,0.011777525065114636,1.6539748936891556,0.7362736715137203,50.83905897140503,11.047270310568408,0.6531260490417481,0.16078136859451062,0.29811306272943816,0.11842457895779297,0.5920585602521896,0.14386987848258775,0.19246953912079334,0.07549750109930209,0.9160272747278213,0.12450899034468892,0.3043145538618167,0.12148477476134036
63,1.5693859855333965,0.08739493736346332,0.3323265638202429,0.16177842986842692,0.28716862249809005,0.15239966783262518,5.403973737359047,6.003996478939154,4.43162169456482,0.7832822401643053,0.7253706395626068,0.11768671618270592,0.19360196025421222,0.08153925627306664,0.1732524832089742,0.09164830998882639,0.040308904958268006,0.0136895162090937,1.8398324489593505,1.2216968827127435,53.14582395553589,13.158925774689171,0.6627803434928258,0.14509273258304012,0.30053224191069605,0.12088272434434334,0.6280361423889796,0.1354836157603184,0.18485176203151543,0.07064814763656464,0.9564608971277873,0.1300813883990471,0.2881735994790991,0.10928726629217676
64,1.5514929115772247,0.08424291840300606,0.28675865766902764,0.1483782303798571,0.3144696244349082,0.1387119649413495,7.495978927612304,6.869790356541584,4.584773425261179,0.7068110125756334,0.6986151531338691,0.11737465457923593,0.17510535313437384,0.09846023210343063,0.14722190015017986,0.11156133636840623,0.045210314852495985,0.011656331628538229,1.4333840320507685,0.658155853280842,50.45718943277995,9.140518723055543,0.6296160305539767,0.1719180561307948,0.3013364077856143,0.11573533401976281,0.5586363770067692,0.17505201849933053,0.20036863510807354,0.060478012522708596,0.886000823477904,0.1672024875413184,0.3313025150448084,0.09821623644175548
65,1.5737773299217224,0.1003484650318921,0.269995124489069,0.1409713386723521,0.259800879311515,0.14364222813343722,5.689631518125534,4.063845621716481,4.571097459793091,0.7350886690888456,0.6922222119569779,0.11472651438085373,0.1859618601948023,0.09572395321710053,0.17325119428336622,0.10330523360998767,0.042695953790098426,0.015313594166955997,1.45235033929348,0.5121272586529556,51.78211555480957,10.166454155020068,0.6125591763854027,0.1718763265253144,0.3042069673538208,0.11555204979546872,0.5576559111475945,0.16303493369010733,0.19537447080016135,0.07496582735751295,0.9199929106235504,0.15659652245645295,0.3296952858567238,0.11026417647879586
66,1.5644374787807465,0.10133801786970764,0.2980492346454412,0.12335298271355344,0.3602189758482079,0.14969823652477504,5.919417546192805,4.205928174583496,4.586803420384725,0.5254531017533247,0.7156992504994074,0.09429326550811877,0.18451220908512672,0.11511290889735361,0.1578298868611455,0.08718471996028218,0.040085914482673006,0.012376826324748859,1.530867839852969,0.7433944841681748,52.407888094584145,7.7129333241051015,0.6423094039162,0.14767608463964976,0.3059950808684031,0.12225563175284171,0.5769651884833972,0.1365912101565185,0.1978939876581232,0.07237696717542656,0.9077814817428589,0.1395675831027411,0.317082071925203,0.11410413107087755
67,1.585223340988159,0.06962956199560595,0.21729522799141704,0.12583069881965186,0.24886305226633945,0.1151253398328923,5.4152209291855495,3.8914148711662517,4.309406284491221,0.6565929471763263,0.7465048809846242,0.0737721263838037,0.2019171979278326,0.081332202509117,0.13959383002171913,0.07717249487363588,0.044360774538169306,0.011533293334743825,1.0416084696849188,0.38050178812481833,52.394670550028486,9.402186538811739,0.6501838579773903,0.1533274857289789,0.3460102044045925,0.1260525667003353,0.5200198295215765,0.14334507169517502,0.26278933758536976,0.07646258209057451,0.8072872539361318,0.18565243052283648,0.4086693031092485,0.09740202192621221
68,1.563668002684911,0.0886262607521085,0.26669063106334456,0.13315294794574672,0.31575719856967527,0.16034419678717268,4.293304019172987,3.1191503911949323,4.090905658404032,0.5787185994266852,0.7869422823190689,0.05723266939553301,0.17309153210371733,0.09352880601283743,0.19919157437980176,0.12261797031474864,0.042781507084146145,0.01651688652373223,1.2091214805841446,0.44087756937008654,49.564365736643474,9.267836536115192,0.5766307671864828,0.17288150894731646,0.3103079184889793,0.11159199594471307,0.5058062088986238,0.17567078912029996,0.2228352929155032,0.06690637579690986,0.8756884763638179,0.18233127581014116,0.398135099808375,0.1119983232677935
69,1.560567279656728,0.09604571568439169,0.24170070773301025,0.1225206832336169,0.2902024966975053,0.1265653630122486,4.7788470685482025,3.5444421403902764,4.193266197045644,0.5983658425201197,0.7693478534619014,0.068258856084636,0.19086583874498805,0.09501357314012224,0.16777553980549176,0.07530918135295946,0.042293447194000085,0.015135923157173497,1.1780810659130414,0.4467021040409783,49.318389383951825,9.55670007099916,0.594705963631471,0.15934935831598754,0.3353331656505664,0.12141459129698086,0.5169078280528386,0.13849928805226253,0.2376671412959695,0.07285497530203364,0.8830983743071557,0.17769014846523049,0.40383515308300655,0.0968005694327182
70,1.5870855887730917,0.11779748664507657,0.23065846430448195,0.12033534831299803,0.23085684639712176,0.1107046162425743,6.950522478421529,5.542247477172239,4.601088126500447,0.49332748124501125,0.7216435228784879,0.07788389755795386,0.2327109482139349,0.11545377250492649,0.16245175283402205,0.09419301670441867,0.04061382484311859,0.012836477119377219,0.9181125288208326,0.3770946789386287,51.96312713623047,8.852135885417413,0.6719396889209748,0.17476563684354132,0.3504298521826665,0.13238353525773655,0.4866708273688952,0.13144806960214825,0.28820827404658,0.09395965957679123,0.7400726035237313,0.17165463483088436,0.4249262449642022,0.08489049409397673
71,1.5214245736598968,0.1120986774166051,0.3106919892830774,0.17976777626722257,0.28824568129299827,0.1618246593940391,7.794714915752411,8.702923538612687,3.9977063119411467,1.09786237109736,0.7426237419247628,0.14773948951325763,0.1427605598854522,0.07302440824879987,0.17405056649198133,0.08695523351412231,0.04962275931611657,0.016916996856376418,1.674288821220398,1.275780420348737,52.225492699941,12.222122414984987,0.575870472441117,0.1888782948393536,0.2514677638808886,0.103214876335978,0.5255416539808114,0.19383785135253662,0.18349202821652094,0.08116440648170764,0.9060992211103439,0.1699205046392529,0.33168933130800726,0.12352971549422508
72,1.5548491537570954,0.08888048886963394,0.3331664531181256,0.13761591315436345,0.3110028311610222,0.14431571673344115,5.625471445918083,7.1553703750431605,3.813446976741155,0.9775329911739326,0.7657143523295721,0.11719334735019488,0.1743837003906568,0.07466828072599507,0.1755617971221606,0.09302394663175763,0.04438289894411961,0.014626390524525263,1.4456830859184264,0.7870744097085268,53.46843795776367,9.171143975299703,0.6059494903932016,0.16658817543891472,0.2877987359960874,0.11080516212102572,0.5462514626483123,0.17310342458812536,0.21682433063785236,0.08164420721597454,0.9028550614913304,0.17334540948099814,0.3663049565007289,0.12754305905383045
73,1.5788820048173269,0.1111769403242323,0.21302308269465964,0.11193648214316876,0.2070472393805782,0.1128753629910091,10.583365537722905,9.932596302330689,5.126746030648549,0.49990918732654394,0.6308141817649205,0.11184410072891299,0.22096069728334744,0.1250627008843041,0.1266668589785695,0.07816359737518343,0.046523914330949385,0.013575146852895355,1.208416636288166,0.5186532292113842,60.26761010487874,7.7290901406886,0.6705402925610542,0.1742806732006334,0.3551112943639358,0.15919095079252757,0.5637933038175106,0.17696001595804206,0.2570729664216439,0.08760922376925545,0.8385106523831686,0.16046456240937038,0.3891889102756977,0.10297259908227152
74,1.5676121453444163,0.1102598125872451,0.17928753830492497,0.10094095416778136,0.20365034321633477,0.1123078247854394,12.617348619302113,7.2321984935774335,5.058457120259603,0.6834638334056442,0.6106261238455772,0.11053521434423848,0.1982856162513296,0.10126788821665358,0.14275055937469006,0.11446684881225522,0.04846228444948793,0.014264990091784694,1.1049293294548987,0.5086048613334461,59.09581254323324,9.036682479351175,0.6533902304867903,0.22562989065642677,0.3190073732286692,0.13338656208435498,0.5124484404921532,0.1877885141395577,0.2519464752947291,0.09493803538977655,0.7983022381862005,0.18348978393723797,0.3934996832162142,0.10408920839925347
75,1.5786444325196116,0.08707276006743041,0.25068937699522886,0.13965268577476256,0.2683801990852021,0.11775623958078246,8.766905000335292,5.4914610165038855,5.069347481978567,0.4285617161594467,0.6350808410268081,0.09214483293417507,0.1876815718255545,0.09021340616100942,0.16900747295534402,0.09682084848856362,0.04628556274008332,0.015101022364919718,1.1435168542360004,0.5381016123021156,56.830362018785976,7.024124314802986,0.6243127830195845,0.19601760830875847,0.31469344556854484,0.11781849704139909,0.5018330328820044,0.1692822118954692,0.2423622983328083,0.08649300016568913,0.8063331539170784,0.1621100219613862,0.3973100665107108,0.10704120031887157
76,1.5791038274765015,0.0931670952757213,0.25060291287178793,0.15435139178428378,0.26212851321324704,0.14214766702304832,11.544733012715975,15.786168625565326,5.014633325735728,0.6114850768880016,0.6411179510255655,0.12077839049266974,0.20551311361292998,0.10308501965075487,0.1573065772652626,0.11226273324047421,0.04613765639563402,0.014360611124107196,1.4571697582801184,0.8354636431869626,58.52181701660156,9.212950759378444,0.6523053934176762,0.1692446789499248,0.3398211895177762,0.14817131742866088,0.5731155609091123,0.1746674733342581,0.21955495091776053,0.08569727798152542,0.8783368150393168,0.14420339009361724,0.34712500472863517,0.12221992112466099
77,1.5978511174519856,0.07991397517804673,0.20012357514351606,0.11822011008936455,0.2279544582590461,0.13336801939876344,7.491256860891978,3.8916375737753226,4.369277556737264,0.6283756006225621,0.739751864473025,0.07134785457639425,0.21880069052179654,0.10320297647560521,0.1695677121480306,0.1020443099330934,0.042506439983844756,0.013794764466848922,1.0285152032971383,0.37720055311487216,52.555447260538735,10.349939005293908,0.6462867215275765,0.1774403155729866,0.32534392525752387,0.10124577687417616,0.52211534678936,0.15466639549495959,0.2743214167654514,0.09061491888739784,0.8248918796579043,0.20407537463998993,0.4262607850134373,0.0912956602945364
78,1.5516940375505868,0.10249422826353743,0.2339258441638391,0.15552502497868945,0.22305107691277892,0.1342585905205503,5.831088837930712,3.376329893625001,4.217579922433627,0.5025440579546078,0.7601266705383689,0.05352739643956594,0.19272662200412508,0.10148160083271408,0.15444043228181742,0.08404380956966312,0.0496393987372265,0.01597387794492493,1.0451048743926872,0.3744398775037405,52.052460363355735,8.958906557062301,0.6175694233280117,0.15742042512622417,0.3278488342539739,0.12370828658597971,0.5092597659361564,0.1576894026192006,0.26325866756802896,0.10667563595651824,0.8218783221002353,0.19281346239563313,0.4174422126705364,0.1059695539529584
79,1.5152589519818624,0.11192592606241258,0.24003651568976542,0.11869779699370826,0.2556400623482962,0.13264250671202824,8.97036316593488,5.534853956047881,4.532585775852203,0.6724883918295104,0.7042877132693927,0.08324003584114187,0.16847637941439947,0.08486267953874589,0.19549024247874816,0.1400890088493792,0.05454051379735271,0.020970959204152338,1.306407213707765,0.562519151934097,56.48522097269694,9.680279642488204,0.564983144402504,0.1691224725888421,0.29805162983636063,0.11426544297032054,0.5068946274618308,0.16077600968554007,0.21307285353541375,0.08647575759633376,0.8986960485577583,0.15887052409467117,0.3773603156208992,0.10255038465684413
80,1.5339283386866251,0.10938532746448174,0.22472351764639217,0.10576753110943514,0.23271461458255846,0.09558167286427144,9.147487584749857,5.900061391811626,4.788357627391815,0.4937441663454035,0.6796146060029665,0.07887249349994456,0.1802536852657795,0.09237620192221024,0.15539106577634812,0.08714390197097074,0.05481598513821761,0.01686941954278391,1.2861970792214075,0.45592982695954476,55.57080707550049,8.148169122515869,0.6110169480244318,0.16908424045687656,0.2986908336480459,0.11522927388797416,0.5442263337473074,0.18500500752713703,0.2236449472606182,0.07887195130738058,0.8871762658158938,0.18697511173079073,0.3733871813863516,0.10732484017790989
81,1.5457876801490784,0.10556275201620684,0.15786093363227943,0.09818543237029134,0.19294332835124806,0.11649138015668696,11.267926092942556,6.1438764090057925,4.4252899845441185,0.6543831769033506,0.714398109416167,0.09075766807747489,0.1860887471586466,0.09955758832832652,0.16471803300082682,0.09048295633006319,0.053003722646584116,0.01893344890049569,1.440747814377149,0.8151860051115465,54.10966192881266,8.524629140836227,0.6042914335926374,0.1799896140214331,0.294759154257675,0.09994628468494766,0.5595366480449836,0.1853764596203315,0.21133213303983212,0.0773507359454453,0.9250738615791003,0.1519890090029483,0.35623307675123217,0.10840565276422943
82,1.548920899629593,0.10913428083133046,0.23050935332818578,0.13222426904165516,0.25490780640393496,0.12659804544463849,10.182273693879445,7.767831674627548,4.615902431805929,0.8274370864897754,0.677497165898482,0.11418791451748612,0.1911932341288775,0.09574008594884408,0.1667589485645294,0.11157347648131499,0.05423647286370396,0.022147919454693694,1.3904609148701033,1.0377075763130013,56.70337362289429,10.612886132954245,0.6312692801157633,0.15559146187808484,0.3054105131266018,0.1209552735036563,0.5394591127832731,0.16196936139689116,0.24141565772394338,0.09707217067810732,0.8625827458997567,0.19537243828349496,0.3834874412044883,0.12356182478912275
83,1.6067475120226542,0.0740299546832532,0.24566590082055578,0.13558076754733178,0.27248151910801727,0.1289443391963523,7.932088265816371,5.304000545226605,4.72034242550532,0.5857778181985724,0.6902202645937602,0.08776004387298425,0.2584989920258522,0.09349966394396728,0.14092989979932705,0.08319979680129716,0.04403345504154762,0.014314617799111458,1.006045765678088,0.29943593329404833,58.74237925211589,10.295427530546647,0.6865173896153768,0.14173492212854222,0.3914739159246286,0.12532200801618515,0.568640819688638,0.12361801176470731,0.3034347839653492,0.08897085184155025,0.8340982129176457,0.16480424538112393,0.43718458687265715,0.09523489958357124
84,1.5508140078130759,0.09988838888951329,0.31294381688788253,0.18429296148301602,0.3394621690770365,0.1830967366293071,7.593081382085693,13.80629259021979,4.593445431511357,0.7183633141669675,0.7103178804775454,0.1260788152405321,0.1776609555027395,0.08405396164931188,0.17874491854377514,0.12421818980734277,0.046755805576466164,0.01792694077408241,1.329749562830295,0.7456831159549605,56.49202364795613,12.802510677660978,0.6308960265146112,0.17299747862562825,0.316188154636689,0.10505748379758306,0.5316370675023997,0.15198147244200985,0.22115116917862082,0.07900278046073947,0.8469857922140157,0.14314042860324003,0.3642084393298851,0.11885965419932383
85,1.5659372707207997,0.07725148603566576,0.1965487166152646,0.11837650791635847,0.18237070532826086,0.08814131428312484,10.33431574900945,8.322647852305936,4.978982484340667,0.5852869030932,0.6229838728904724,0.11297485219497778,0.18171525318175555,0.08432974928509517,0.1433617246337235,0.07989727587753935,0.04936422733590007,0.012908140890427817,1.5162834773461025,0.7763517812146643,54.270654106140135,7.321301591576715,0.657782277961572,0.15510381407381946,0.296076150611043,0.10533652991099764,0.5974505384763081,0.13938759945148996,0.20702015509208044,0.06641385855680158,0.9163169552882512,0.1352477802052492,0.3233479323486487,0.09966085020105998
86,1.5645195960998535,0.10516757107521657,0.3696031976491213,0.13998005865319652,0.3121478735158841,0.15130570023247328,11.666268833478291,7.784585486876209,5.0893141229947405,0.511158923249105,0.599276236196359,0.08754965129207848,0.19377324022352696,0.09435383796774495,0.17818909206738073,0.10793911273836063,0.047547140158712864,0.015137387414610199,1.9960440397262573,1.0306602122349156,56.75156930287679,8.391355412603014,0.6137172962228458,0.1764902636771762,0.2682043485343456,0.11669870978788599,0.5814786250392596,0.20470575642409372,0.15168661437928677,0.058749938075122424,0.935181321700414,0.18288429870177886,0.26757851541042327,0.12111379000834228
87,1.5950897614161172,0.09523395850846164,0.23838615336765845,0.11054153107965432,0.22274070189644893,0.11751226753834751,11.89648247162501,8.454958966240163,5.16891774336497,0.5527417803304204,0.6077537154157956,0.10736589706047621,0.22262721465279658,0.11255404992165924,0.12060802907993397,0.06790019125904657,0.04190410401982566,0.011008565476462537,1.5840235913793246,0.6870993330874016,58.84365933736165,7.848117127250058,0.6681193262338638,0.1628971562771308,0.33447353579103944,0.11761829669551732,0.6104121550917625,0.17398147991697333,0.19910022001713515,0.0686640696138726,0.9105462118983269,0.14925922398661737,0.30752050690352917,0.10651018388550086
88,1.5787268539269765,0.09256786049951661,0.21158760362304746,0.14149436291032014,0.17930375629415116,0.10615733112202203,14.453820248444876,9.412039338099751,4.6048258980115255,0.7080888348236934,0.6788111820816993,0.11406925101477475,0.21711241205533346,0.09770359837290382,0.19103630185127257,0.08723778470148573,0.0423619692834715,0.01695220820764016,1.0861264745394388,0.8525119013668304,52.15126819610596,9.152725579810632,0.629972550769647,0.1294544512403277,0.30995100053648156,0.10301271728186695,0.5087114778657754,0.14273735991145503,0.26251828148961065,0.08147140417096596,0.802712586025397,0.177539358312129,0.41593135241419077,0.10243922432367032
89,1.593357547124227,0.08837886672099837,0.29950513509102167,0.16525352027848608,0.23190299525546532,0.15199953565214255,12.462192976474762,7.038789028881831,5.114865557352702,0.5116941916144335,0.6167901689807574,0.08733694847045326,0.2056661222750942,0.10077655461756034,0.2004222197458148,0.11913196869337758,0.040775070805102585,0.01176570222924604,1.8448180829485257,0.8725572781112969,59.71818599700928,8.918839255054552,0.5842725897828738,0.17811055741615348,0.2868057469526927,0.10449579498051904,0.5856084341804186,0.19128903106043135,0.16140364749977987,0.054855620408087294,0.9990427295366923,0.16583407132037406,0.28892074277003604,0.1021075678369085
90,1.5769656797250111,0.08293751774907668,0.2523264593134324,0.11663247135006509,0.21575316544622183,0.09209406531746518,15.517838966846465,9.585971953981565,5.341238335768382,0.534605551112023,0.5530009071032206,0.09379122845266434,0.21291611070434252,0.0789545961672409,0.12798733301460744,0.06328138470178814,0.04937727591022849,0.010900630521971525,1.8538876056671143,0.6497227054532234,57.00765323638916,7.645720617393499,0.6485387216011683,0.16154042184204645,0.322625682875514,0.09642221371123413,0.6532676686843236,0.15877479910916245,0.16896129809319974,0.05397848492107576,1.01295219262441,0.12726316928924297,0.27747726837793985,0.11182046725063952
91,1.549718169371287,0.0912504664129136,0.2035129064694047,0.1127482062182433,0.23692947048693896,0.1396945607883768,9.688416218757629,7.398763168993374,4.79407297372818,0.6992299437076492,0.6726627677679062,0.11600446569620304,0.17147830228010813,0.08715353509699882,0.13968640379607677,0.10120246918618182,0.05192329591761033,0.017073618345487537,1.2196736420194307,0.49282006845579057,57.192634137471515,11.051934947200573,0.5955922623475393,0.15161767055103423,0.3339542955160141,0.12326889839890139,0.522332065552473,0.16342060656080015,0.2234703856209914,0.07905480571352874,0.8768446271618208,0.19478315223054687,0.3769085341443618,0.09496069132271126
92,1.6000086903572082,0.09344657729345725,0.201811215452229,0.10977808145066098,0.2097198315585653,0.1077419672631502,18.362977608044943,10.766980182002486,4.8055875698725385,0.8847314593816776,0.6335264295339584,0.1265047931291034,0.21623600795865058,0.11619198504624334,0.16096523981541394,0.07857382819113862,0.044668817427009344,0.016350133173935584,1.562248021364212,0.8037172887509401,58.33243751525879,11.17610560295877,0.6350550432999928,0.17010733927103858,0.30718088808159033,0.11403360780694762,0.5688640117645264,0.18254155234408062,0.20098920750121277,0.08445824194969417,0.8924478699763616,0.15963621310899065,0.32324507273733616,0.12300038936970582
93,1.55958944161733,0.09174117697373388,0.27015916518867017,0.10869985111041074,0.24447950233394902,0.12478082758549645,9.552470707893372,7.329243893848557,5.022292896111806,0.5236070356468147,0.6404970313111941,0.10640870018390526,0.2172354546065132,0.114717786692309,0.12754237658033768,0.07374598277060829,0.04362213974818587,0.014599212339078434,1.244219473997752,0.4477805476157404,59.22114372253418,6.887598938872388,0.6752147972583771,0.17277774030752166,0.37006397396326063,0.13944226508432842,0.5785849834481875,0.1408281817683588,0.24405491674939792,0.07796469088960112,0.872655563056469,0.14369794684634246,0.36834850907325745,0.09591042719624202
94,1.5696738064289093,0.09719144049920948,0.2490750266239047,0.1444307290340472,0.2688122564305862,0.13856049722012725,10.1938634177049,8.369189631691896,4.885856016476949,0.510738151762098,0.6777079343795777,0.09502541844491712,0.1926361151660482,0.0994937132366654,0.14959981019298235,0.09077492965079957,0.04559750830133756,0.012115717250991127,1.4129900917410851,0.6927269463811144,57.621315002441406,7.873260154881007,0.6213462953766187,0.16373685325077778,0.32282792689899603,0.12699431869526762,0.5390331156551837,0.1713946370660381,0.20631714618454378,0.0726266213063213,0.8713864624500275,0.182293730399035,0.33714954207340875,0.09781933164867629
95,1.6402919948101045,0.09762044030007173,0.19871866231163343,0.11116578279319927,0.2366613463188211,0.10929240620648209,9.534682166576385,7.068841016010702,4.760064852237702,0.45867264791979,0.7048938994606336,0.08303039773817707,0.2990999969343344,0.12997278463236867,0.1729988694190979,0.09496010421384407,0.036559050033489866,0.012043011755806824,1.1771569798390071,0.4249277492671323,57.16347363789876,9.149677102454515,0.6910469601551692,0.15732089099838448,0.388443814466397,0.12655086724432255,0.5962787290414174,0.15201017443969336,0.2811750159909328,0.09329016523435284,0.8792495960990588,0.211500203661518,0.40650199304024376,0.10062168644857619
96,1.628470104932785,0.08643270876360175,0.2428803019846479,0.11918879070777645,0.2582694498201211,0.13957950594538826,7.709529195229212,4.676161216142981,4.722679086526235,0.53022504574475,0.7067422941327095,0.07780993838613957,0.2529075354337692,0.12246414904705584,0.16664656928430002,0.09935646080260546,0.038652838037038846,0.013581740455540444,1.0962919722000757,0.47001342774947974,60.75819136301676,10.139558998289353,0.665282075603803,0.15570102365075852,0.3627955709894498,0.13076245696641803,0.5454527340829373,0.16541166805035262,0.27415772899985313,0.0931669746254235,0.8159384906291962,0.19036788727813575,0.4084100067615509,0.10018508986434446
97,1.602990499997543,0.08241274803423461,0.21031561102402413,0.10720258979844596,0.233216754965863,0.10082045080642474,9.333272836976132,5.7971292946487765,4.79543215137417,0.5843901399851784,0.6837072165335639,0.08498428776427404,0.24791412093376708,0.1127032154851705,0.15650547832503156,0.10123130432608504,0.04319461992294606,0.012034732289569389,1.2641649827108545,0.6251555045292237,59.89269890219478,9.24346028913221,0.6799339556087882,0.17096744422494914,0.3641860176951198,0.11913491885268447,0.5804110770508394,0.15920292632393138,0.25522574428784645,0.08694144326832462,0.8632854622299388,0.1819286622805655,0.3838796791131214,0.11784339364561622
98,1.6194042205810546,0.10342593167650306,0.25192532303432624,0.1339536357532314,0.22899226141162216,0.11450042823514613,8.382884134848913,6.542563778224686,4.856455055872599,0.49646609571267936,0.6798932368556658,0.10056649881158945,0.26190552456925315,0.13197772422049436,0.17495683971792458,0.11236230686486524,0.040085528511554,0.013285193251086746,1.1271016761660575,0.5070894763946016,58.274309666951496,9.348031430379864,0.6610826248923938,0.16990981392919,0.3639834723124901,0.14614655879304753,0.5430161580443382,0.1678930741048772,0.27121267362187307,0.10513233526524754,0.8288377081354459,0.18460729593416692,0.4070329109827677,0.11289639548724519
99,1.5606575985749562,0.08989437417549694,0.22777222109337647,0.10639123079322131,0.220927496937414,0.09990134688557853,13.613217175006866,9.236434312420466,5.315616599718729,0.47370378873612684,0.5839747115969658,0.10347753427282277,0.1814260169863701,0.08893993864699924,0.1283400750098129,0.06816448721987153,0.0544187859321634,0.01314145405367477,1.408667054772377,0.5436424253128719,58.67645753224691,5.625211625036392,0.6180999433000882,0.17268523830192908,0.32206628993153574,0.12902856298242346,0.5486098763843378,0.1628142295631359,0.215236014376084,0.07974957877331391,0.894338055451711,0.1620990342910152,0.35324342623353006,0.10110359290207899
100,1.5734642803668977,0.09293238147890293,0.2489063315714399,0.13942217447990637,0.17485879857558756,0.1190924476524454,13.026658034324646,9.142636893754185,4.816104471683502,0.7650561981936482,0.6513636390368144,0.11131541068750121,0.1876436156220734,0.09572863312644518,0.13195568826049567,0.0779265919404956,0.04358907748634617,0.01229489430729165,1.3498642509182295,1.0344710019358574,57.23986873626709,9.855289517800157,0.6592714553078015,0.18931060234521968,0.3171179072310527,0.12545813916484352,0.5213347218930722,0.15378415409280516,0.21791701205074787,0.0881007043208721,0.8175451114773751,0.20711446670153252,0.3375266895939906,0.10898046908188312
101,1.559352526664734,0.09126160332450002,0.33845900345593694,0.170214862080565,0.2652637703157961,0.16661647999608717,9.502896072864532,6.847016556443734,4.89973394870758,0.7138010847903852,0.6362732082605362,0.11877993264095472,0.18210145488381385,0.07929887236066512,0.15904698111116886,0.09642644131798622,0.044915546178817746,0.01579106305228132,1.4560364961624146,0.5748868310376158,57.24580665588379,12.067036126717078,0.6094175410270691,0.16160583878698226,0.3017434032261372,0.08772063066868319,0.5514521035552025,0.17450941363155306,0.18701016813516616,0.06718248884944723,0.9129130220413209,0.2060523759022314,0.3160935164988041,0.1003997918544183
102,1.5676594138145448,0.11014026457790932,0.21340578312519937,0.12636732295533717,0.240778453151385,0.1358722896198656,6.6194165309270225,4.166408283847585,4.49147226413091,0.5457179682608861,0.7235589067141215,0.06946145991164372,0.20243309667954842,0.09130184545067545,0.1699204138169686,0.11280820611163606,0.047178162292887765,0.014643150781952973,0.8616055558125179,0.41320627171192026,53.97887744903564,9.67111460611866,0.6723011252780755,0.16651096453213432,0.2996866354097923,0.1102388737913665,0.44338103408614793,0.1196582777539594,0.29730338354905445,0.11069497469324985,0.6840302521983782,0.1989558267571462,0.4324872590601444,0.0886414900028627
103,1.5414285441239675,0.0909350820502406,0.22062324527651073,0.13982755613550277,0.23003914945487244,0.15122873663455924,7.197083787123362,3.7084577191629795,4.4540320118268335,0.49533711706775224,0.7308594226837158,0.06830402442531118,0.18139775656163692,0.08018691801138755,0.17234981146951517,0.09607655534637584,0.04445485218117635,0.016147826019924462,1.0750331635276476,0.48823492562593646,50.807140286763506,8.336479500767675,0.643801552305619,0.16066994155879616,0.2941281568259001,0.10722444494776931,0.5052356994400422,0.14110661044890588,0.2517110168933868,0.0853737077982775,0.8014588850239913,0.1887809483873862,0.39266896024346354,0.10730390755960637
104,1.5428015768527985,0.1089623311433345,0.20581741277128457,0.0988458863803787,0.22225362372895083,0.11898056842141826,15.925613391399384,11.859901695463808,5.266857691605886,0.6413710019872557,0.5650301193197568,0.11939365855496978,0.18529199759165446,0.09164238157380268,0.15004873455812534,0.08646190156989975,0.052112582698464395,0.015602960672759618,1.5443628003199896,0.6676835593239588,55.32894566853841,9.34565131471066,0.6418910225232443,0.15180026683798437,0.31285021764536697,0.12384397750557337,0.5863016679883003,0.1532388748482899,0.20229988222320874,0.08035063313650243,0.9199716910719872,0.1659463624668147,0.3217904138068358,0.11458893935736018
105,1.5811048989393273,0.10632091307165926,0.23265068578932965,0.13856191168471982,0.21503835141050573,0.11797973034350157,17.4254414305395,8.690053260790153,5.36369208900296,0.6046696288762796,0.5632265970414999,0.10006632870213614,0.1828494477180802,0.09409163359155744,0.1257703310372878,0.08167495992286228,0.04969300648995808,0.01699226652970319,1.608377820983225,0.6407656785193615,61.835219169149596,6.311849451452355,0.6676006901020907,0.20135640073081554,0.29592402674713914,0.10759079097258085,0.5830672629633729,0.17879750230297722,0.19926927238702774,0.07670289497340795,0.8791023480648897,0.13381442652537862,0.3094924931623498,0.10664714151843457
106,1.5737146854400634,0.12383224419469242,0.3673789316167434,0.18426153542343596,0.29664480810364086,0.1298522326864978,8.937790089845658,7.565064192473443,4.865680575370789,0.5888079052220977,0.6697663734356563,0.10645047126585729,0.22030904752512773,0.10965261637459346,0.20043451773623625,0.11771713235249669,0.04144698938665291,0.016143803456024893,1.4925974736611047,0.5110803786269765,64.75164686838785,9.73837194478474,0.6140194001297156,0.1647935842119883,0.3212223216891289,0.1288890899163353,0.5738863771160444,0.1650982595536009,0.2019582744066914,0.08019709937013986,0.9381520410378774,0.12529709045945456,0.32852210675676663,0.09507261595804727
107,1.5808218596345287,0.12929387534869133,0.24178360006377353,0.11992434187211654,0.22474134880733693,0.12471521275104812,11.422162753040508,11.24504474981146,4.901093487012184,0.8307033282156585,0.6393202997870364,0.13944415406137586,0.23438121332644912,0.11074592529302628,0.1563051830408937,0.10502520942233871,0.041017463999026914,0.018033076442419662,1.3991635194269276,0.8360246318508254,64.52525866233697,10.19856394114368,0.6754702286700071,0.15305200171169925,0.34012345622404144,0.12299222688183438,0.613239623479924,0.14507807746593337,0.24137292720251163,0.0815064032659172,0.9145293766159123,0.14325329918384513,0.35788349548386317,0.09759983058741656
108,1.5630914588769278,0.10515253679221374,0.30317170176810276,0.1793066350403899,0.2532216861533622,0.17295658757616567,9.203598169485728,6.493262837896842,4.681055243810018,0.8260405183089551,0.671587165693442,0.12416609127229856,0.20568292651635905,0.10055705588666833,0.18849442166586716,0.13076577090482272,0.043076649246116476,0.01722757490321773,1.3214456140995026,0.7068858802414568,62.059880065917966,11.49824006638869,0.6346010272701581,0.16352800170808013,0.32327594043066105,0.13940283435394468,0.554678795238336,0.16322973445829603,0.22855206510672968,0.08877564327786261,0.8670546899239222,0.15959557466948154,0.35844746269285677,0.10696372000556345
109,1.5989481031894683,0.11910868199412293,0.24693208011255288,0.14318207940859048,0.26117663892606896,0.11743399524078262,6.954924275477727,4.807393946684827,4.813167480627696,0.3933648524832474,0.6995282794038454,0.07642951026811058,0.2509079510035614,0.113484845168245,0.14913170970976353,0.08827091166623834,0.04500031120454272,0.013682334584330859,1.3879626959562301,0.5105820574341912,60.819078572591145,9.513298771249476,0.6888168672720592,0.19000822283185195,0.35446192969878515,0.12602771081580513,0.6183815740048886,0.1842590710085241,0.2396687924861908,0.0815731204916258,0.902338370680809,0.16698907116790865,0.3597971891363462,0.11764838836907489
110,1.5213293612003327,0.10556231376940663,0.2008273716744346,0.12422098378389272,0.14970387170712154,0.1099381433664742,24.88885405858358,16.52037813564337,5.573406080404918,0.6215500764863079,0.5016189160446326,0.12983587745178865,0.14463615169127783,0.08104298380661187,0.11138400140528877,0.060156497225931194,0.05280918392042319,0.01517353736439622,1.6719271004199983,1.1328197032683143,58.53798535664876,7.199481520662844,0.6401231909791628,0.16348714168433293,0.25738621670752765,0.12128568072635675,0.5467762216925621,0.17936743621555384,0.17169479466974735,0.06499702819870255,0.8426312277714412,0.1457702038744374,0.2816555896153053,0.11061737158605087
111,1.545163744688034,0.09080431986929112,0.25093700534974533,0.15506994054393253,0.25593402050435543,0.1493794163293223,7.074258355299632,4.024822737020873,4.2264577627182005,0.5451495505999977,0.750667904317379,0.07230735489542413,0.17188050510982672,0.07628561753375077,0.1888410668199261,0.10539845692518156,0.048537336150184275,0.017501032419159644,1.2550795048475265,0.5576905802359681,49.02235749562581,8.928630060800707,0.5989688883225123,0.1391081601226925,0.2811508744955063,0.10274982393599776,0.5175088656445345,0.15360864426321,0.23580732854704062,0.09565817593414778,0.8790991177161535,0.2194321294961185,0.3887645736336708,0.10742462614968992
112,1.5486629525820415,0.09293646168648938,0.2126679709025969,0.12732953542359512,0.27794919945299623,0.12926735538812964,7.005761078993479,7.537944556331191,4.133781961599985,0.6890754041725419,0.7524985348184904,0.08633235381742876,0.17597209432472785,0.0817710345444563,0.17403507164369028,0.09121024875905284,0.049979078986992435,0.01584699521947527,1.0965646867950758,0.4443565497978287,51.57296889623006,10.93122099875882,0.5943689604600271,0.15590790911189772,0.2930855557322502,0.1053535023493679,0.49417071665326756,0.15684194951498642,0.24181308510402838,0.07810236637944301,0.836297819018364,0.1922177898189,0.4079753781358401,0.0926804641432266
113,1.5225222253799437,0.09178586782176479,0.19061965346336365,0.1065857937463885,0.20392862342298032,0.11049698874973901,16.72357873916626,9.412824305399457,5.123579201698303,0.6294035947397089,0.5851220405101776,0.10590657865376421,0.15944105446338652,0.07087323917703289,0.16817614786326884,0.0932457426467082,0.056457299664616586,0.013815168027668547,0.9484642308950424,0.41081344880417514,52.089071350097655,8.80489171412653,0.5595069476962089,0.17310618898101063,0.2718678998947144,0.08008086780793135,0.42035432368516923,0.1321049401872146,0.24768666326999664,0.09288304699274279,0.7720512485504151,0.19127456453468067,0.4403996694087982,0.09166484158833495
114,1.5554990728696187,0.1052904836410226,0.1874510403101643,0.09882769483271278,0.21802619695663453,0.11058582477526056,11.967726769049962,8.605345263986443,5.000428036848704,0.5870396869818869,0.633393062154452,0.11228792913817699,0.18166462859759727,0.08981824281284491,0.15165302058060964,0.08505785859072214,0.05162395105386774,0.01547048003102497,1.1726335222522417,0.7411071299511728,55.54884770711263,8.65434640531806,0.6576946198940277,0.1927722207051867,0.2995659256974856,0.1166892620470847,0.5056575189034144,0.17322024906542224,0.2517397541552782,0.09347592771022023,0.7778953318794568,0.19398531178475878,0.3889580056071281,0.10883580851806773
115,1.5464314788074818,0.09780786578288057,0.2202255820571366,0.1268885351538132,0.23400079935662826,0.11827985460878301,13.327025771141052,8.063474371840313,5.027411392179586,0.6060151860624873,0.6232412078623044,0.10170846075039788,0.18311641914612156,0.10978690851136753,0.15152131696626292,0.09027171562193226,0.05318786587439856,0.016291793799865097,0.9563490687790563,0.591906894884361,55.06531770350569,8.86534774389938,0.6320434379375587,0.17608815744370138,0.2992944333512904,0.10209094138836869,0.44322423990500176,0.13727566188981224,0.2553083051816892,0.08980707900014542,0.7072716572527158,0.16013614285084468,0.4069973585211625,0.1031564759516346
116,1.5631258229414622,0.08632314576451526,0.23650498411928614,0.14338143297713588,0.2542546760911743,0.1356611806286728,13.713561940193177,11.292922553096245,5.100395774841308,0.5732711657625726,0.6256772016485532,0.1240521008149979,0.19008961028108995,0.0989882709022831,0.1648827934016784,0.0896667246583415,0.04834572107841571,0.015952120803790524,1.2873426283399263,0.8058861337157819,57.873278045654295,8.69736528746744,0.6207355926434199,0.18222062691720736,0.3160936555514733,0.11935772355899224,0.5042128210266431,0.15969287370120305,0.22582630856583516,0.09146412337110918,0.8198853477835655,0.17736557316502785,0.37213331597546734,0.12972739666903876
117,1.5693655418137373,0.08029619791379658,0.2122548740925425,0.12282210071807911,0.23480659836934784,0.14610276829077753,14.433439986180451,12.142004551432928,5.130216582346771,0.6126339591217362,0.6105331546169216,0.12537141890781003,0.18023140981035718,0.08846846018351534,0.12867036228210238,0.09296289771085668,0.054924574065006386,0.017461784786828593,1.1332450655557342,0.49866232290216844,55.53623471017611,8.558273285931994,0.6070327162742615,0.16688341137455182,0.3232089114391198,0.11177761676183981,0.48806390317819887,0.1434097948360032,0.24036329605821835,0.09224469266628313,0.8160982647184598,0.1647283636129256,0.39369117178149143,0.09965310256767751
118,1.5763504783312479,0.07853121223376665,0.21841623801738025,0.11514697677171477,0.2362472508723537,0.11569887871996701,10.467028218507767,7.54675998123969,4.919282948970794,0.5544030877575018,0.6537248651186626,0.09322472279717292,0.19541967424253623,0.09178331714366096,0.14075459434340398,0.08242006121696267,0.04769753456736604,0.011418100130510592,1.304987500111262,0.7531685221288206,58.14460506439209,9.11838808685046,0.6697582354148229,0.18509187603180788,0.33112937149902183,0.13414376248602258,0.5506667030354341,0.15251645771950897,0.23847767555465302,0.08715426689107486,0.8362345760067303,0.15225169989676596,0.3654204484075308,0.1102221160559117
119,1.5568264056060275,0.08781132449751089,0.20139405363381413,0.10458180577146325,0.25385043132355656,0.12848314932339544,10.632126545501968,8.456128484118082,4.9218248108686025,0.4529583453820364,0.6606549110453007,0.08710383630518181,0.1845907976187892,0.08746895683588332,0.13723570673521293,0.09467016746001594,0.05172246912399591,0.014341569629773166,1.1781153638484114,0.41877836722621525,54.143760487184686,8.96179141174798,0.6291967913255854,0.17217210048473391,0.33199993356809776,0.11246953032908857,0.5328056865324409,0.14903792670325858,0.23789243816824282,0.08252095222414091,0.8591581658791687,0.16721672269627041,0.3820733496193158,0.10071203281709346
120,1.5689299205938976,0.09315569704587263,0.23989642846087614,0.1415135056305912,0.22325245790804427,0.12881683003249692,10.511459038654964,7.352409871463357,4.975773048400879,0.6954470773831067,0.6326533322532971,0.11129935995882352,0.18763861612727245,0.07986649557410737,0.12181449166188638,0.0723717733488409,0.05127989783262213,0.015332694161191198,1.3116881812612216,0.5148295669352572,60.49782174428304,9.472619448923329,0.6166626550257206,0.15272411688376977,0.3329396399358908,0.10308502042723529,0.5550116077065468,0.15563781185407827,0.22516021467745304,0.07663423607684881,0.9137262269854546,0.19461021288970964,0.36921216746171315,0.10240006904743526
121,1.5547899226347606,0.09602892050329068,0.22029707195858161,0.13874954571755077,0.20191857498139143,0.11821064429180715,14.461945335070292,9.213478736439153,4.8077054182688395,0.6696137044357661,0.6491094112396241,0.10905875096713515,0.17855303660035132,0.08300770699380863,0.16950246021151544,0.10789066642015945,0.05116756847128272,0.015778508854009332,1.2668453603982925,0.6746120721797387,52.60812931060791,10.426539667144697,0.5751258025566737,0.145111073984405,0.31253029393653076,0.10572146153562174,0.5062095413605372,0.14528779576582013,0.22275803262988728,0.08397912405387477,0.8820139278968175,0.1576524324682043,0.3916344334681829,0.11670285184859777
122,1.56678173939387,0.08372203294873515,0.22804506470759708,0.11149145462651808,0.2226962227995197,0.10211449866453066,14.559635571638744,9.686769149765539,5.20431977113088,0.5872457205459484,0.5938718289136886,0.11044686247820447,0.18995581058164437,0.09235134632170232,0.13151872387776772,0.08721775916601529,0.053843781693528096,0.013180186661324436,1.3548162430524826,0.6835622702683043,61.45012798309326,8.47411499471423,0.6389179542660713,0.1983679290124724,0.3359628915786743,0.12215368508778297,0.5423719036082427,0.16243065908089255,0.22476477529853583,0.0933036090689816,0.8664943670233091,0.15130621299913788,0.3600177101790905,0.11031776498258514
123,1.542799836397171,0.09418015481223384,0.16496287441502014,0.10567331339285609,0.16907768805200854,0.10533371241428703,11.962737665573757,6.099612536347976,4.821232155958811,0.5044554346546902,0.6574540128310521,0.07900002150010611,0.18316872250288724,0.07654927970752892,0.12203039132679502,0.06997812458000616,0.05793565933903058,0.017337735531309725,0.9986760050058365,0.3750961810687649,48.8791924794515,8.740299060634278,0.6239116641382376,0.1496022365093204,0.34166732827822366,0.12106624554892055,0.4980630653599898,0.1374318713339622,0.26572696392734846,0.07852775688066162,0.8045704290270805,0.16667965356028236,0.4243288410206636,0.08949222648809199
124,1.5755740565768743,0.0826368466943562,0.17966845448491936,0.09656853543244506,0.20666874282188336,0.10467730833636112,12.665413092758696,7.754083755886335,5.075933480666856,0.5369460633294539,0.6258183692471456,0.09483385333977673,0.18108601280945844,0.08507141708003219,0.13117595642047414,0.07289503348488101,0.05330546730655735,0.01466732608239827,1.0412927881135778,0.3435264809005678,56.53192804627499,9.762066467110309,0.5737845129885916,0.1335259382618383,0.3361358834525286,0.1095277000150747,0.4814873019517478,0.13005049609962466,0.24192629072625757,0.08618869657915056,0.84040962942576,0.17759308908337243,0.4139357024835328,0.08932034506626935
125,1.534603929115554,0.10347354445661101,0.20892457083120183,0.10159753363987664,0.23556664807058997,0.14643751884814346,13.277191057043561,7.61842224159664,5.324573306714074,0.4222952102610717,0.5738211900500928,0.08892546616016263,0.14373345799365286,0.07724163265979128,0.13750633414266472,0.08010461146193852,0.05662831184217485,0.014851522586178261,1.2599122392929207,0.5455440143585142,57.562991320076634,7.403547056986793,0.5455168692742364,0.15470212260100993,0.29317356368242686,0.11388650089933974,0.46779668204865216,0.15315604282067477,0.195472207614931,0.0719340155209728,0.8593301666995227,0.15055325193318975,0.3629155031452745,0.09818120076260295
126,1.5606234619172954,0.10335290064459238,0.2099362136953968,0.1265114026664519,0.2213858262462131,0.1289699373290671,11.471255322634164,5.9676753916811585,5.204113903692213,0.37947175611353945,0.5948004808466313,0.07676586890678189,0.18907651131562256,0.11501165475326776,0.13445399127016633,0.09485583665601513,0.055735269608765334,0.01816625941248284,0.9194876834497614,0.8687264613563523,54.59979752362785,7.679042554028474,0.654926761732263,0.1776249426129465,0.31604751502558337,0.13248534806502574,0.42847931460808897,0.15518885288233278,0.2842561377180835,0.09901395870605299,0.664942163026939,0.20267923651614503,0.4346359735828335,0.1074600717953278
127,1.5432584563891092,0.09799938320243656,0.18125106572406366,0.11619920545258214,0.1892427364985148,0.12242386127999949,12.533611011505126,7.698444674488977,4.858605341116587,0.6035684753597363,0.6491617148121198,0.0992666424563033,0.18781613120809199,0.09469886776843076,0.1638389836375912,0.09713625099109019,0.05041905026882887,0.015907326389499765,1.1566009670495987,0.5574486781567273,53.64602591196696,9.6071743627977,0.6008268550038338,0.14399988987168938,0.31368330543239914,0.12226360908967261,0.5072517268359661,0.1506171591285032,0.23451553223033747,0.07976367449612537,0.8439898098508517,0.17421777762983565,0.3932917442172766,0.10536934812988834
128,1.5699956297874451,0.09255764414578356,0.19756198873122532,0.11751883121590592,0.21845945150901874,0.11013685184223665,12.807814506689708,11.116382680017189,5.049197109540303,0.5646397153039219,0.6172736356655757,0.09884245018421839,0.21132462701449792,0.09492922044707061,0.13253344229112068,0.07993938942655668,0.051156836189329626,0.013087712109283903,0.858592622478803,0.3755597328291884,53.18327995936076,9.122414368164314,0.6828206653396288,0.14363680017034935,0.33525391047199565,0.10370201620026835,0.48189494932691257,0.1551622895634505,0.3044314769407113,0.09774643155742259,0.7063957115014394,0.19867727199844362,0.4411153972148895,0.10001823604584162
129,1.581056006749471,0.08913521790362992,0.20713198445737363,0.11018667759284019,0.2348078303039074,0.11622201511276105,12.910650090376537,7.109381295473797,4.9278145352999365,0.5833438693496815,0.6478899002075196,0.10173907622000335,0.19195277839899064,0.09574589999538406,0.13036602027714253,0.08369302989834262,0.04999162123228113,0.013023034138435561,1.2010820398728053,0.428327996667034,55.95310827891032,8.100337132426093,0.6261651660005252,0.1764958782375053,0.3440187099079291,0.12558328788501535,0.5413212954998017,0.1554729886737165,0.23401342742145062,0.08698192012813934,0.8826295311252276,0.1935805952513283,0.37977635289231937,0.11008113349754937
130,1.5686836540699005,0.09929314427965483,0.23140368377789855,0.11120207998005707,0.22889377712490386,0.12972716365498768,9.342386096715927,5.424704821118939,4.9108206033706665,0.5642140573483269,0.658304077386856,0.09157938657545764,0.1842871118336916,0.08161595072243014,0.12064195784429708,0.07901683513215983,0.0492457223435243,0.010327349687829607,1.3640163232882818,0.627256871765722,56.781480344136554,8.631775326289327,0.6511561622222265,0.1728424419310121,0.32586238384246824,0.12057826961803034,0.5631316915154457,0.1628950377824827,0.22588492147624492,0.08115607890619495,0.8682184929649035,0.15195072297673723,0.3562439911067486,0.11146600699264127
131,1.549409423271815,0.10573285629300079,0.20761377826953928,0.11824982810017881,0.2254179419328769,0.13452181650353565,15.20015714764595,11.00273818240347,5.012374138832092,0.6675832941447681,0.6196327716112137,0.12510803316417352,0.17909030721833308,0.10150638412144976,0.1637805974110961,0.1017793267693746,0.052274265140295026,0.012463601800888806,1.270668739080429,0.6970576080453146,55.19819037119547,10.290208117249536,0.6085332351426284,0.17013566820937936,0.30606913280983766,0.1396713714555747,0.5148893885314465,0.16822571819630117,0.22608054739733538,0.0906667150460531,0.8458282008767128,0.16583429860691268,0.37423319841424624,0.10965536013850145
132,1.5854468603928884,0.10237008452904128,0.21245415067921083,0.12089116466050148,0.23986546897018948,0.14160378618928557,11.480168000857036,7.40339776515966,4.952558978398641,0.5454220424087187,0.6473607574899991,0.09495870641634373,0.2102044939994812,0.11186288976876664,0.14867157265543937,0.10305159044062212,0.04507031859830022,0.01483039277163679,1.4704055120547612,1.2102743405640985,55.89814256032308,8.23545832583915,0.6747145747145017,0.1762259479331589,0.33190367569526036,0.12935963957652566,0.557289419323206,0.16516834621980753,0.22522852197289467,0.09046935848441699,0.8363741298516592,0.1814052756004236,0.34254536821196474,0.12028341696948024
133,1.5647556126117705,0.11320256358702756,0.22333358527782063,0.1358316869340465,0.2511107564282914,0.1378514853918492,13.858205918471018,10.871535061400985,5.223746081193288,0.59786863363971,0.5998370155692101,0.11879425215561576,0.18810500459124643,0.11977654665612539,0.12761594314749042,0.07665822583003162,0.05008203120281299,0.015123725575534465,1.4248386402924855,0.7875778385958452,60.57296581268311,8.108200323089047,0.6300054118037224,0.18390793423017984,0.32528550960123537,0.14252109097613436,0.5455442639688651,0.18729330289476037,0.20548545711984237,0.0784863531457588,0.8670474151770274,0.17875584357800736,0.33918417418996494,0.11985370084229031
134,1.6065082093079885,0.08939731578762437,0.211114780496185,0.10406823836319619,0.2230504837818444,0.10532307567405357,8.712152791023254,7.486958919717115,4.818985939025879,0.6247762657715636,0.6683725476264953,0.11918970130156746,0.24774314382423956,0.1001888380068867,0.174276856208841,0.11484179570955165,0.03683997464055817,0.011244563087132434,1.1058996737003326,0.4134965835797698,60.45445562998454,9.836927462270664,0.6817264939347903,0.15438081567168246,0.34150324364503226,0.11508704543338537,0.5721988039712111,0.14682871807486678,0.272490901624163,0.0813644448968346,0.8467036093274752,0.1599288381551343,0.39960492427150407,0.09056498618760232
135,1.5800369008112762,0.10604037251163698,0.2404409002323272,0.16325305511644658,0.23994774503980654,0.13909628512859687,7.041311175136243,5.052337097676658,4.449779061947838,0.6821639859199006,0.7146477775048401,0.09383759303323114,0.2297371829212722,0.1036828344339022,0.18546262471857716,0.09653883549690889,0.04648468408228482,0.015655920160308402,1.097894484208802,0.6227193287447157,56.000264895164364,10.211190503443282,0.6944999346288584,0.1409288600172915,0.3256048241914329,0.11375823471734227,0.5443776189270666,0.14387808451005352,0.28169542854115115,0.09235625828675915,0.795638102596089,0.2132371060326729,0.40498299644155017,0.10668408512097934
136,1.6074353138605753,0.08848168001603511,0.23085690566028158,0.12326546588883328,0.2279375994578004,0.1531635297358493,5.201669448614121,3.102285467883571,4.328840533892314,0.5094164755139868,0.7593508526682854,0.06995724243312827,0.24282536668082078,0.10050287080858206,0.18570382601271074,0.10908336994343944,0.03845897512510419,0.012374794360452841,1.291450568040212,0.6496832066549867,56.21927105585734,10.749873095055127,0.7002412016193073,0.13310362874055673,0.3374083451926708,0.13062242354798603,0.5966360154251258,0.13965512875555935,0.25449611321091653,0.09175871874539243,0.8615577717622122,0.17929138197785002,0.36326714692016443,0.11031423304424824
137,1.6000271797180177,0.11244846656803145,0.243640048817421,0.1545350387886705,0.23893742706083382,0.12970956811787157,6.408310058712959,4.449547813904535,4.418280180295309,0.6885391918724452,0.7186565319697062,0.09284710148387995,0.24223587078352768,0.11865914665972625,0.1646576479077339,0.09650367048355085,0.0428138985298574,0.01625259072206962,1.261325971285502,0.5740553549375417,54.70318311055501,9.862707982381776,0.7049990753332774,0.1651951351145696,0.35155713707208636,0.1374085606076375,0.597665582348903,0.14588884076459616,0.2571204813818137,0.07696733793680469,0.8578248262405396,0.16334365843455664,0.37281785483161606,0.1074085355398886
138,1.5836021562417348,0.08020401819209763,0.21573888271426162,0.13119354011938886,0.25063872343550125,0.13295392472441642,6.082226320107778,3.7256091596314795,4.359233089288076,0.43866877863579784,0.7555979251861572,0.05407145620281119,0.21784876473248005,0.08804037952763276,0.16043981090188025,0.09506068201288079,0.044695608876645566,0.012852178543199992,1.0563079759478569,0.41441899559729145,54.29200528462728,8.061317341242232,0.6937114213903744,0.14923162861812495,0.34227467129627864,0.1241134801904127,0.5424762134750684,0.13884201015073258,0.26909876937667526,0.08058565788966292,0.795254306991895,0.18122210799254615,0.3836226468284925,0.07511218504813459
139,1.6496640821297963,0.08805364850936842,0.2571083474496845,0.12405700433209292,0.23913119593635201,0.12096939870546575,6.4120018005371096,3.8702931890134953,4.716688557465871,0.3959390558190634,0.7121789043148359,0.07158312566696175,0.3137020517451068,0.13223257485086715,0.18370667801549037,0.09398605555383172,0.036948538338765505,0.0159536106187883,1.0837945063908896,0.39987610236865384,60.52705052693685,9.182542779340357,0.6930568794409434,0.15431707851010798,0.3883740811298291,0.11783339111221654,0.588285585741202,0.16166525332815626,0.29771531323591865,0.08555417429621726,0.8488618890444438,0.1804592893838483,0.43039467682441074,0.0804095853223264
140,1.662748885154724,0.09336401270298057,0.22364080956516166,0.1157707228623724,0.24033543147379532,0.11616275853807136,7.275973745187124,5.654060906008844,4.811000843842824,0.4736228895012302,0.6828246985872587,0.08221422745760504,0.3398124072700739,0.1391510988889273,0.17761252063016097,0.09343359266413731,0.03523669742668668,0.011599985480707396,1.0462080975373587,0.40864731489996875,56.80925782521566,8.941645764213622,0.7024441500504811,0.1517665719615125,0.3954098882774512,0.1265703851626692,0.5790877987941107,0.16411104930469658,0.30046377976735433,0.08191226063165462,0.8262749324242274,0.17090239593863105,0.43141797309120494,0.09284069183089975
141,1.5589016717055748,0.0660177947722462,0.29569935374732675,0.13036674197583037,0.2855114586137492,0.12895939669423506,6.00432982938043,6.312265874148002,4.310673898664014,0.8118915954008343,0.7396788520031962,0.1204944007090594,0.16987521471134548,0.07245226864923283,0.15112562522549053,0.07609002049125932,0.0418086678175063,0.0115160057958145,1.6278075262390335,0.7332400950838267,46.591162977547484,11.00958435985358,0.59058067356718,0.15375399206892812,0.2893425838957573,0.1063959651270079,0.5615241622616505,0.17055248340992626,0.1891321369671616,0.07657339528832625,0.9521784710473028,0.20272701775511717,0.32967741145142193,0.1275593712947099
142,1.5405765076478322,0.08127028803604394,0.27738195499405266,0.14855805923449453,0.30314529929310086,0.15916633712392866,5.621678884824117,4.14534914650956,4.055249985059103,0.7907071572265308,0.7651164874434471,0.10208529316633252,0.15847371655205886,0.06156241289171023,0.17646228695909183,0.08898575475016904,0.04669307887864609,0.013372894637409469,1.2929302831490834,0.6041974006019206,48.430748494466144,10.693948672832677,0.5964722320437431,0.12337871265380145,0.2856520518660545,0.09048114143617124,0.5143119423339765,0.14532255610692826,0.21355052602787813,0.07611205220571984,0.8689524273077647,0.21213002299697026,0.3582403652369976,0.1026651551786542
143,1.5186776598294576,0.112166524956457,0.30207679035762947,0.15812446089001841,0.2778578571975231,0.172839656738147,4.25370232462883,3.58636180949304,3.6340555946032205,0.9215774658363053,0.7931354393561681,0.10669369613572802,0.15374312934776146,0.08808801198443338,0.16986036443461974,0.07800877273630889,0.046507454259941974,0.0176090844333652,1.65193832218647,1.0505717208420025,41.15394803682963,12.069922602105875,0.6141622945666313,0.15395292661057416,0.2586411815136671,0.1270064751664961,0.5557811558246613,0.17552425257683799,0.2061715911452969,0.08461590163997583,0.9070842698216438,0.21721278113217746,0.3342070639133453,0.11588941930172458
144,1.5278726498285928,0.11443287524772194,0.3108388979919255,0.17202561863424073,0.2792452311841771,0.16461490311303562,6.764054895440737,8.550022386062087,4.140896554787954,0.9003873880171638,0.7430649315317471,0.12760202356748349,0.15201336440319815,0.09847249967800929,0.18398773080358902,0.10202250926346898,0.04954194026067853,0.016495312097457616,1.511954597135385,0.733762174991113,43.22749265034994,11.32954372017381,0.5691931885977586,0.2055245937341861,0.2628014885510008,0.11888503815779565,0.505902299284935,0.19151878334173456,0.18154197813322145,0.06290239303578314,0.8967331235607465,0.18147925403954485,0.33940153792500494,0.11820475983654873
145,1.5240239421526591,0.08661081487803915,0.2864046065757672,0.16347351062646528,0.2852373965162163,0.1690248306296726,5.239407727122307,4.674840577529486,3.7736740191777547,0.9694373453611219,0.7726266711950303,0.12750903532218794,0.1240431617324551,0.0616767609836095,0.1799810679629445,0.07408725890015455,0.04775447365827858,0.016356575362258385,1.656336541970571,0.9907074437531578,39.60095659891764,11.152490393059209,0.5379127882421016,0.16669463239272117,0.22752146335939566,0.08660221929074231,0.4996716596186161,0.16047151132343582,0.1724191676825285,0.07594871867973882,0.9435879588127136,0.18972355847292527,0.3304738556345304,0.12233002835255344
146,1.54127104083697,0.09970748476840505,0.31427824585698544,0.1508544903239737,0.28945293435826897,0.1463111327562787,6.425625552733739,7.110456892832876,4.091561583677928,0.9437843063991226,0.7516207690040271,0.1288846572478922,0.16144051402807236,0.12769874480195476,0.18311604795356592,0.10648324642132925,0.04533975111941497,0.015180411228413111,1.5463222667574883,0.7005075631667175,43.99361343383789,10.30656549093548,0.569405943651994,0.17039896878169525,0.265116564805309,0.13137353896885018,0.5195965230464935,0.17657018637710278,0.1772612170005838,0.0709023688963054,0.9111624096830686,0.16893839067150626,0.32320092221101127,0.1196515383114784
147,1.5520077725251515,0.09061105354263742,0.29381365683608845,0.174099262415994,0.2800788552054049,0.1436402233986626,8.925381553173064,8.378978711979812,4.568868112564087,0.8670267136376613,0.6781580299139023,0.13662413816161265,0.1591893119116624,0.08006351553229833,0.16502286531031132,0.09821139236654092,0.04738179283837477,0.01595611177777839,2.0973751664161684,1.4133198677069028,47.1897523244222,11.415272473528177,0.616771599650383,0.1838070202829881,0.2555165580784281,0.10271692540484892,0.5871628197530906,0.17411249253734168,0.16148135553424556,0.06961597910805907,0.9614889214436213,0.13532397785494354,0.2758887873031199,0.11558189659767067
148,1.5429072062174478,0.08961669958144666,0.23471592385321854,0.13314019569049268,0.2098872843508919,0.09799900334684136,13.673500893513362,8.213695706294212,5.233260877927145,0.6464924141697675,0.5782199124495189,0.12121093543667029,0.16211515416701636,0.06706051238915894,0.1485883296156923,0.12918520088526914,0.05132016527156035,0.013937926747219989,1.3930949797232945,0.6298935189050507,56.22488123575847,10.131900717913396,0.6289155329267184,0.1792139792466448,0.29875559185942013,0.09903821691295144,0.5403490309913953,0.16896589061040845,0.2037291617443164,0.07557473778733537,0.8594865173101425,0.15437300740139806,0.33325173854827883,0.1120753379281397
149,1.5488332691839186,0.09983782706545172,0.21880571986153974,0.14716781517629243,0.21497008728526407,0.1354524898267592,17.087543228925284,15.699430149305316,5.294175669298333,0.6576054967986664,0.5774979717650656,0.13477589401768741,0.1661792082427922,0.11551936907728577,0.14324166480514963,0.08599983462439238,0.052763019814708476,0.016274267510328313,1.4803209299758329,1.372434635715535,60.16663017919508,8.71379164094671,0.596229552212408,0.22328626652356678,0.2869775840791605,0.1397404994793387,0.49879457359596835,0.1832347634883364,0.20675161430391215,0.0972917276466463,0.8608306600885877,0.18859102428730518,0.3523678247958927,0.10501516350184399
150,1.5690000414848329,0.0868616467537921,0.17117337662105758,0.11937102496336724,0.18682941670219103,0.08524154039185199,13.634995639324188,7.045574856864817,4.973131716251373,0.6373812349039133,0.6266703779498736,0.10605391239692792,0.19130874859790006,0.09516833936166302,0.12271776211758455,0.08211928489955474,0.050658753421157596,0.012900799050133874,1.1722941095630328,0.5203047042703803,56.163025792439775,10.40638046809102,0.663093579808871,0.15558016543027448,0.3393924338122209,0.12001682067306614,0.5399572387337684,0.12675681824492427,0.2608273802946011,0.09762577133902703,0.8284563407301903,0.17243925527780604,0.3923984130223592,0.11434694698274313
151,1.5702450579287959,0.0988405671380369,0.237578703291422,0.10704832822964569,0.24296475881162813,0.09888306555906391,8.417323458428477,4.599078228725306,4.983629179935829,0.37005875556112744,0.6607133804583082,0.06594144187857974,0.19376996795044227,0.09955722435025072,0.15914506746419504,0.10051157973713559,0.05168286942895137,0.015428403951698729,1.3434675254073798,0.5805910334766922,59.517337649476296,8.34793567961539,0.6501817095513437,0.17338825382856007,0.3166499051685427,0.13688689920633476,0.5443401114613402,0.1565232462414348,0.2236134577907768,0.09311731772370044,0.8433113068926568,0.15585187066756306,0.34689534061095295,0.12297690352630422
152,1.5824235101540884,0.1118406358175298,0.2118796904105693,0.10595838909262263,0.22628459247450033,0.08857814488224222,9.27009139060974,5.617826021035191,4.932870682080587,0.35142240661640156,0.6755026866992314,0.07052261644428225,0.22899081663539012,0.11699081683934129,0.1356433275466164,0.09142252063636955,0.04988000116621454,0.016607476217524793,1.1639986629287402,0.45887870195423125,58.813490041097005,9.586740788087031,0.6872908274332682,0.16392682175496115,0.3626749485731125,0.13445343161572446,0.5622019497056802,0.1484012450471717,0.26474084965884687,0.08589688893292763,0.8274866104125976,0.16508803946516568,0.38921132211883863,0.09866977585283249
153,1.5764872522677404,0.0932685977593757,0.2906213094622402,0.12846943509594996,0.28779812114534237,0.1479522492327751,6.983046915571569,3.969173525421652,4.846253791097867,0.34867783138410163,0.6878564610319623,0.06328738500976279,0.1903409695221206,0.11487328637995879,0.16450504175687242,0.11806693260860478,0.049289427839724696,0.014733920699750722,1.4224712454666526,0.5686620665296399,58.09104085372666,7.072992461202471,0.6268387153997259,0.19732101118713924,0.31815903696973447,0.12418967843972596,0.5455633470062482,0.18426351620473955,0.21105774801413893,0.09116951028468794,0.8693476819385917,0.15081473009159677,0.3380233222397707,0.11076487327736266
154,1.5771257162094117,0.1048291258917316,0.2584651414925853,0.14621814361666485,0.26692971407125393,0.1371996572010959,7.904397414127986,5.207770395070522,4.875463918844859,0.3249481043214775,0.6879480505983034,0.05442962878920748,0.19743954290946325,0.10969809965194906,0.15368795897811652,0.10156425734496813,0.04837150974199176,0.013895131416931501,1.4449842989444732,0.6578675159888678,59.07815717061361,7.130252689190287,0.6342638621727625,0.18569763702800235,0.3372006608794133,0.15511628767566465,0.5558715127408504,0.15946000316920347,0.22096023013194402,0.08825329318631388,0.8911359697580338,0.1617258372771795,0.34906429747740425,0.10795390259673056
155,1.5529962440331777,0.11214316599548377,0.23249274023498098,0.13683758770994514,0.2847907482025524,0.15464128814411449,7.417647631963094,3.693381502620308,4.822919150193532,0.46706517354526034,0.6842259645462037,0.07350991700582188,0.16662722174078226,0.08520176813598744,0.17986220562209684,0.13540533522801493,0.050487161784743266,0.015995033318182528,1.212574665248394,0.5160522738983571,60.12087688446045,10.429524421880766,0.5896629609167576,0.1793061564763556,0.2996748169263204,0.120519793091101,0.4965577887992064,0.17600145885646604,0.22126032610734303,0.07825335086975947,0.8492392987012863,0.17193227337313186,0.38511827439069746,0.10349518570979827
156,1.5405720829963685,0.11393744362867711,0.268808201700449,0.12293290626573689,0.25657885347803433,0.11584946779953782,8.75818651119868,5.156518272909341,4.836197658379873,0.4792954144783717,0.6849926918745041,0.06961357499188275,0.17970917557055752,0.1078232581376933,0.1451240075752139,0.08588350629474677,0.051496416609734294,0.014297624420998505,1.2894972731669745,0.5575948346224463,57.09700037638346,9.224711725665891,0.6276182870070139,0.19039103394849533,0.3159611801306407,0.12732106419384623,0.5191605282326539,0.16369076736555044,0.21958938675622144,0.09071356928429926,0.8394598707556724,0.17181415008195045,0.35325839060048264,0.10428883089671091
157,1.5941966287160323,0.08932082666467596,0.2543707481443377,0.11903472674071325,0.24949747456584948,0.15091755406938795,7.374310061083001,3.7196706786669784,4.81504537291446,0.4106309884729105,0.6903311115200237,0.06562068914161837,0.23133676641194498,0.13004629628896183,0.17698967450503575,0.12771340856697425,0.04450484873505972,0.01581283126965583,1.3025365340507638,0.48074525141118213,59.434617899231995,8.354057018897008,0.6507784388328003,0.18287736069466237,0.35871170890533316,0.14638729284842564,0.5677483890016201,0.18218078388568817,0.23237446057846992,0.08333222992622488,0.8783129024303565,0.16729238620046674,0.3603164184901674,0.09549579114919197
158,1.5528291006882986,0.09307782495197944,0.22682678182609378,0.13660863275012688,0.23620487150425712,0.10386848534201754,9.91047316789627,6.2086470701703345,4.964642556508382,0.38002370619442377,0.6571198791265488,0.06648994736277745,0.15990566415712237,0.07674703523920297,0.15188286763926348,0.1145730896386796,0.05124321595455209,0.013066502210059472,1.4495599031448365,0.6300812476682359,56.135816764831546,8.43068182631709,0.6027508904536565,0.1751901793489783,0.2871948438386122,0.11851868690241464,0.532169775168101,0.17682871936729036,0.2004671903947989,0.07986381918713537,0.8832751890023549,0.16864875782920583,0.3409169880052408,0.11255922118683463
159,1.58985280195872,0.09249968451238237,0.20367558482297074,0.11734665408912283,0.2583604005165398,0.18063135125103705,13.102512637774149,6.540868109780271,5.099361777305603,0.33643847539176386,0.6465683927138647,0.060520325080721346,0.19630272397771478,0.11636740786726067,0.15818733448783556,0.11328459508995811,0.046706707775592805,0.015284746154983903,1.3044863417744637,0.9401849096491381,62.56227099100749,8.914511106264833,0.6004111004372438,0.19033355794903947,0.3247116727133592,0.13870006517717148,0.502523739139239,0.17504283133318851,0.2274203025425474,0.0968977817692052,0.8482584590713184,0.19917988745592502,0.38151968251913787,0.11409967417485478
160,1.578391913640297,0.07695621178125073,0.25264510417641217,0.13596745420398568,0.22419579150313038,0.1027816846084138,8.308126278853011,5.174437573707639,4.942590034614175,0.3828212709031602,0.6773276662422438,0.06980420745950092,0.191966502469475,0.08737045754770781,0.13651834232574803,0.06901926405635748,0.04608951322734356,0.011084076385689989,1.3009094585806638,0.6102905513274012,60.556098550052965,7.977263024342119,0.6430607968467777,0.16404927391341717,0.31512767013351795,0.11685811863183931,0.5394279663845644,0.13823635900025513,0.2324305977988041,0.09001664612301072,0.8527424901218738,0.16744234014455303,0.3629937010296321,0.11308885869470103
161,1.6046290437380473,0.10044299773801812,0.24192228329678375,0.12119852373096117,0.24927921357254187,0.12383155112075445,7.366229524215062,3.69062664423331,4.752674432595571,0.370241440327417,0.6925173362096151,0.056069709562679926,0.23950860717644293,0.13369727971373813,0.19561190841098627,0.11049480310267427,0.04417189258771638,0.014691035518219802,1.2519903391599656,0.5867679769537874,53.92415637969971,8.885203951746682,0.637491449713707,0.17146137118935362,0.3420637989416718,0.13687179207892364,0.5452962387353182,0.17868186466334623,0.24677581855406364,0.09934569765835245,0.8480027034878731,0.1771345909169615,0.38271488224466643,0.11896874972810889
162,1.6015222311019897,0.09512676456205828,0.2527785380681356,0.10347553433546726,0.24959702465372782,0.1264052791960633,7.234816414117813,4.159073054076214,4.808667747179667,0.3180910993875497,0.6931323657433192,0.05722236537323975,0.2556077091023326,0.1322566376552285,0.16301487038532894,0.11115959262938724,0.04451473518274725,0.015057299542981468,1.3196406602859496,0.5122531248410046,56.87186450958252,9.282473231393503,0.6811121957997481,0.17487888408737703,0.37524830251932145,0.1467492709001488,0.601169174661239,0.1743715800602704,0.23764223543306193,0.07542721458537802,0.8808940956989925,0.1479616979408506,0.35946153017381827,0.10767072954606
163,1.5912306606769562,0.11328167312320749,0.19849894445214886,0.1141327866367835,0.24055797358353934,0.1355922313132077,11.250646289189657,7.504527840158446,5.108174912134806,0.4085453746783712,0.6321518098314604,0.08134509079611792,0.22673894496013722,0.13703456167373257,0.1757260792888701,0.11679794763905854,0.04713266845792532,0.017171138257401082,1.3492959797382356,0.5579682760952516,60.0985190709432,8.460411973701241,0.6213338159024715,0.1772404015156361,0.33754654017587504,0.15100111467331515,0.5487866924454768,0.1904481873505809,0.2176982360581557,0.07732802537339067,0.8770978266994158,0.17088942728629636,0.3538822144269943,0.09757338931283091
164,1.5858599364757537,0.08297838347281206,0.22075505942727128,0.10490896665937294,0.23820455682774386,0.1041577960239344,10.210755681991577,8.066082864882127,4.887069574991862,0.4033558448796358,0.6693444843093554,0.07686612824555282,0.19918527205785116,0.09269637917632062,0.14274266300102076,0.08517819210410539,0.051958852199216685,0.017918297833010622,1.569493799408277,0.5686831082213847,55.98168398539225,8.064355594063057,0.6153547828396161,0.14625754946821343,0.3300890869150559,0.09648191000343968,0.5921122990548611,0.13877722366551926,0.21490847940246263,0.07123979143272775,0.9770630314946175,0.16944713155218055,0.3567284035185973,0.10386583063523765
165,1.5826715668042501,0.1010412390606977,0.26227325275540353,0.15287098071663957,0.2465234943976005,0.13583471123404878,9.507489581902822,5.012503982955214,4.938216694196066,0.2994479275152433,0.6798981964588166,0.05122817302700427,0.20464609637856485,0.10673086413282744,0.16683760965242983,0.11072007415678499,0.04921338263278206,0.015414584991570297,1.3790242289503416,0.5107771152484365,58.95580209096273,8.29845495312131,0.6252826318144799,0.18826238752360433,0.3269604232162237,0.11183613534869317,0.560663540661335,0.16839337643138733,0.213856781894962,0.07471691811493066,0.9062436938285827,0.1497032956178488,0.3520091126362483,0.09897643515055243
166,1.5579551700818337,0.11692152118638682,0.2688501325704284,0.13045841753841975,0.2592299284445027,0.11318467300963184,9.475038411253589,7.636057002090204,4.879868293212632,0.4774301304302435,0.6685980285628367,0.08842881324047885,0.18993569954724634,0.10214987217163406,0.1633133594641241,0.07968321203312123,0.05062730411478018,0.015618773104260112,1.3563757003363917,0.8780410709250208,55.48204325013241,8.707073843194989,0.5987408729427952,0.1713462708747213,0.3282900092712903,0.11854221004553081,0.5284218384047686,0.1652768618222724,0.21939169078812762,0.07984061058405846,0.8860899841381331,0.15912576389161734,0.37590658266918137,0.11093875530020479
167,1.5699385484059651,0.11370609897348626,0.2656177922462424,0.16101995023461724,0.2583580517830948,0.15220774950696103,9.34819350639979,7.171915704660613,4.969904212156932,0.4754130786317277,0.6574829464157422,0.09048975771292692,0.19799762653807798,0.10729918757889034,0.16408844254910945,0.09170322479648016,0.04652338164548079,0.014554899482536158,1.4351865510145823,0.7321628024806185,57.30409539540609,8.613701151902108,0.6335271353522937,0.19675939223048242,0.31143184391160805,0.1144214147072262,0.5553030103445054,0.1827969040153727,0.21528987598915894,0.07224563126087893,0.8783613016208013,0.14945381420788065,0.35378468384345374,0.11069861990517169
168,1.5877763800701852,0.08753246841204523,0.25144409915527044,0.1389003971779565,0.23897899939852246,0.11761122798278711,7.714497998609382,6.266559210093992,4.792719073214774,0.6038210942665796,0.67654005147643,0.09425824555724069,0.20771089840238377,0.09817086724442857,0.14914330057168412,0.0993797617651661,0.04543542476781344,0.014092187801776412,1.3107292227825875,0.45949227739220677,56.61515213271319,9.728162898028199,0.6207036262346526,0.17706061043832128,0.34526699074244094,0.11954811112367766,0.564421403963687,0.17652949743114238,0.2224518573385174,0.07675067163321479,0.9133555889129639,0.17237642650658902,0.3645702350442692,0.09817274203261521
169,1.6150150379892123,0.06907873627981863,0.21183711313247933,0.10170485626203032,0.2041814293144113,0.09998189193298948,9.374800520428156,5.22472477534893,4.960413084191791,0.30712225961521855,0.6661753199868283,0.054045306323277996,0.22816939178412243,0.09667393093535626,0.1343703931671078,0.09229095602217352,0.04457945701808243,0.010047423879308065,1.3876863758442766,0.4781814919328025,58.04605807288218,8.015546932463472,0.6455731891979606,0.16634275742993904,0.362002208323802,0.11454042424182242,0.6044978916139926,0.16047069577423773,0.2258649094630096,0.07173305531869141,0.9338711964882026,0.13145450477741674,0.36125989763413446,0.11619324920410971
170,1.5647413551807403,0.1086673360228645,0.2518322881311178,0.11486736722114978,0.26974332506457965,0.12627647139458403,6.738885857661566,3.7934180998431635,4.864584374427795,0.4358207787108628,0.673961474498113,0.07479148054306797,0.20293335091943543,0.1109087962446066,0.14033811402817567,0.07893690192803364,0.047643916898717484,0.015133649828450196,1.2960573608676593,0.4830647743484605,56.55999673207601,9.674924404302494,0.6287340929110845,0.19505244386612933,0.3379754461348057,0.1345837371793438,0.5438765664895375,0.1622313143403386,0.21621444039046764,0.0834989529697969,0.8806418200333913,0.17165659487783996,0.34761072968443235,0.09612273243199745
171,1.5816567222277322,0.08991874696116557,0.21173218227146814,0.12102150660866363,0.22044375178714593,0.11259601362971279,10.268273711204529,4.606425731269309,4.852023903528849,0.4549377524182253,0.6702191183964411,0.06508889108277731,0.20277786788841087,0.10385345246836494,0.152390870389839,0.10178334150941881,0.04928592393795649,0.01570142572671489,1.4048027694225311,0.8084607651328867,56.85618623097738,9.762662290060382,0.6302103305856387,0.1491982739358861,0.33189579968651134,0.11803399046601731,0.5685439671079318,0.15999852832042774,0.22126424939682085,0.0772720112010489,0.9018528297543525,0.16684117685890262,0.3586854649086793,0.10525710300967865
172,1.553281585375468,0.09450643786484775,0.2488936439466973,0.12477831608695468,0.26551510161564995,0.14921514908184763,9.513539244731268,5.066168265504234,4.9097530802090965,0.5075412141783124,0.6626352995634079,0.07663599936138091,0.18822798145314057,0.10116193915517058,0.17267110645771028,0.11415991001702999,0.04920482796927293,0.014936090956391148,1.407824405034383,0.7063012888577349,57.43326161702474,9.798339400034267,0.6227187606195609,0.15871170185181455,0.30599781970183054,0.12643850523670752,0.5342384452621142,0.14701049256469556,0.22450001053512098,0.08773280500750803,0.8667719001571338,0.17379532910968834,0.35805358725289504,0.10407426792665063
173,1.5701979339122771,0.09104487528704541,0.2167865433730185,0.1178207816002011,0.21591613380393634,0.11255864862882896,9.634552931785583,4.807709125734185,4.911220808823903,0.4346844116606272,0.6624557415644328,0.07487972871984833,0.20739976714054745,0.11311610206369774,0.13738007210195063,0.0749308483281198,0.05017983103170991,0.015174034238903573,1.3252147128184637,0.51143476099366,55.2882719039917,10.225581599416342,0.6464669207731882,0.19233585879916665,0.34251340354482335,0.12868708331060547,0.5649455462892851,0.18377717136852598,0.22360820434987544,0.08757951625758968,0.8702807113528251,0.15544304635596584,0.34989549294114114,0.1086375629253231
174,1.5702400743961333,0.09401578839488031,0.2213202885662516,0.11165787983111532,0.2264745448405544,0.12049617532784934,11.109335668881734,8.23238810950486,5.039748096466065,0.5251982495262648,0.6349572584033012,0.1086987334056788,0.1950958394135038,0.09680787161869515,0.16958606733630102,0.10836326420488289,0.04533040292250613,0.014432763972512115,1.1615392426649729,0.4226754993068539,55.167053413391116,8.758060267488192,0.6084632202982903,0.1794617569209399,0.34794688361386455,0.13761895315176492,0.5231734407444795,0.16914650061378653,0.23502301312983037,0.09253379159538577,0.8625890423854192,0.1588919405066612,0.3894712140162786,0.11106282508515333
175,1.6186385949452717,0.09994272823735828,0.22089226643244425,0.10937784419436353,0.23424575484047333,0.1125846421372804,9.692783170938492,6.404877841914272,4.904719710350037,0.4437267092215606,0.6680314068992933,0.08397426783707795,0.26588661887993414,0.12013762543810444,0.1491334319114685,0.08448475787062393,0.040665765199810265,0.014343062735199558,1.3747710446516672,0.42195339213164673,53.998081334431966,8.141838397824996,0.6496420577168465,0.16335996115902915,0.388271423180898,0.1219504800690545,0.6139755244056384,0.14770656295609624,0.2275570321828127,0.07100067440569606,0.9533644576867422,0.12532574930854068,0.3571361623704433,0.09272444404921903
176,1.5943312088648478,0.09370003283434752,0.21249911120782297,0.13255004246560753,0.22795849069952964,0.11155047005879253,9.383111143112183,5.393726541117167,4.863187789916992,0.42237882562117457,0.6761740480860075,0.07390855043041039,0.22250628601759673,0.11998185587218631,0.17334079251935083,0.12306311799241787,0.044127141529073315,0.016014561480998685,1.1567781666914623,0.4059124752023995,55.530569330851236,9.57465045236644,0.6076273563007514,0.18445297928576956,0.3609665725380182,0.14260322040622306,0.5256811405221621,0.1833546193761193,0.23132483437657356,0.07939491580221514,0.8638469249010086,0.1566584164432708,0.386646518856287,0.09002053362793408
177,1.6031322181224823,0.08395817840769144,0.2377806852106005,0.11545805048851282,0.24795638133461276,0.1171299630864455,7.199705636501312,4.009760358155699,4.758342031637827,0.40687165982386253,0.6988393207391103,0.0717146612877473,0.22818841909368834,0.1051128948294732,0.18592619486153125,0.12587876155185154,0.04204359262560805,0.013747984887669533,1.2920373141765595,0.49272295067390576,54.016822751363115,8.647208640481896,0.6171394750475884,0.162283743454055,0.3505609470109145,0.1086609732089711,0.559381851553917,0.16377835414093928,0.2291830014437437,0.06571517732207587,0.9096836144725482,0.16054744548645358,0.38014219105243685,0.0944606489628367
178,1.5419175709996904,0.10367539317616013,0.266146259598567,0.1535757078053835,0.33903913519212175,0.1613988501309037,7.0743828894836565,4.843918955956082,4.90990086538451,0.5247731387149177,0.6591472396893161,0.09336335851197955,0.16191024725724543,0.09019093182458192,0.1820285875749375,0.11502454462273064,0.047576917202344964,0.015464967044235419,1.3327625766396523,0.7237965872676828,56.78835875647409,7.447680765789415,0.5586112570017576,0.20394095476424604,0.3069470742983477,0.14659227151989498,0.4840418126966272,0.19202664784278542,0.19121880110885417,0.0830155185162822,0.8653590210846492,0.1609214662513801,0.3569198307980384,0.11090084283537768
179,1.5697135824268147,0.0780542980028902,0.27541753163529653,0.11929871827711312,0.2901594578840975,0.14389039100277787,8.802987898810436,5.623373446148141,4.92744807873742,0.45547698149866594,0.6587057441978131,0.07772908829163386,0.20794681819566227,0.11332126185769807,0.1809027080061072,0.11141487176792646,0.04631508252251956,0.012828690791231577,1.2938225723929324,0.500402641083986,57.63112795554986,8.898632386267252,0.6067069728495711,0.17092911458833027,0.3351172638141503,0.13520966081465718,0.5266443768800315,0.1789822466322548,0.21106121373378625,0.07110043654011115,0.8671066983271454,0.17128831773328157,0.3587196242001097,0.10656036728486092
180,1.5952990770339965,0.0918249481306124,0.24776608577618997,0.11516107183145238,0.24691043198108673,0.1550581322691706,7.3321812411149345,4.014547055698668,4.819710993766785,0.3672575220150768,0.6890489866336187,0.05974281926553818,0.24255269107719263,0.14253378976465406,0.18379464937994877,0.12478434999562682,0.041295696344847484,0.01418025441660066,1.2871048579613367,0.5097506956582929,55.48100204467774,8.16057592219825,0.6506721859176954,0.19337115868385674,0.35147701390087605,0.13166741662862502,0.5643061354756356,0.17386530097293718,0.24080550838261844,0.08825421935730447,0.8747173289457957,0.14748199604191764,0.3749464386453231,0.10307106103215469
181,1.5492004984516208,0.0966297075491391,0.2463427605028501,0.12425666315778783,0.27211196152335504,0.15823230775674144,9.12310122029256,5.913324675127414,4.875202680038194,0.5354003039075523,0.660799386642747,0.09032715832220556,0.16923945775981677,0.10259788207553984,0.1581034252451638,0.11579716836056726,0.04968546801325628,0.01379642216619422,1.4742602120011539,0.5897851810900472,54.1888642391916,9.374812716089206,0.6106534433566918,0.22995647409787456,0.2975980909699101,0.13532442156836869,0.5301983740370152,0.20020375558140308,0.18904364702560134,0.07051819276851014,0.8755705604108713,0.16482964355711066,0.3269340903577158,0.10006655554156851
182,1.604647735754649,0.10135044240063687,0.20980077379693587,0.12566727132886715,0.23175565501054127,0.11347283992152238,9.55066708723704,5.200490247482492,4.788155217965444,0.5674704804072662,0.6703962231675784,0.08374794606013078,0.23956016184141238,0.12404727562807165,0.19966380552699167,0.10057452595721787,0.04236684109394749,0.01493486469878598,1.1987844054897627,0.5275707307718929,54.62996946970622,9.871780124180171,0.6319769099354744,0.14789907708219444,0.33353564105927946,0.11975618138019463,0.5330867290496826,0.13923735837323678,0.2621185019612312,0.0955875913314184,0.8563005407651265,0.18775028501587007,0.40537685975432397,0.09431892228036481
183,1.5728880405426025,0.08949145434334378,0.2701244904970129,0.1292081090527483,0.2279341582208872,0.10018301944015474,13.769265405337016,9.444697620280781,5.317849139372508,0.5075348368963215,0.5682771926124891,0.09978720108391213,0.18506376420458157,0.11023200965039383,0.13432579499979813,0.08840839126203022,0.052141204259047905,0.012148361275395675,1.5859497060378394,0.6421825184209611,59.38203633626302,8.271297056726427,0.633541135986646,0.1804537511548859,0.308078395947814,0.12504802037623164,0.5823387722174327,0.1668473487074088,0.19759784216682116,0.07350183826666708,0.9309865921735764,0.14868066994481108,0.3208341334015131,0.09761628375204666
184,1.5409527719020844,0.09040703818560106,0.24196750875562428,0.12296788078138148,0.2308980595630904,0.11864082543859401,11.63515632947286,5.686302915085085,5.284021556377411,0.40004542523234365,0.5843194514513016,0.08527872170214212,0.16868390813469886,0.0941178515146891,0.1254994341482719,0.06803984357776388,0.05356565285474062,0.010511139613416964,1.704646114508311,0.7979354922165798,59.25513458251953,7.061909390460721,0.6512806348502636,0.19228058800957373,0.2956184302767118,0.12717775561011946,0.5910655625164509,0.1795996589508611,0.1909621972590685,0.07215040891498169,0.9099775900443395,0.13037752704200134,0.30902728339036306,0.11168583868335549
185,1.5959086855252584,0.07881180907739818,0.18581467919672529,0.10540675982607495,0.22630169410258533,0.1127771546627432,7.1869671205679575,3.805461990626534,4.56628600358963,0.46838561561982195,0.7295052409172058,0.0673582214751002,0.22203684399525325,0.0988901621801851,0.1482996165131529,0.09256647830006405,0.041552541715403395,0.010694623156174976,1.0329620957374572,0.3792380868566937,55.36191590627035,8.965581905485031,0.6553057844440142,0.1488616187214088,0.353853847583135,0.12361856123736037,0.5287346238891284,0.1421130129919039,0.26710556795199714,0.07629661470319424,0.8073051974177361,0.16961884274744168,0.40648930793007215,0.09289058162176543
186,1.5941830058892568,0.10321109375732766,0.230545249953866,0.11188815887879407,0.2134916459520658,0.1004289605102612,7.359336404005687,4.508948321763191,4.661960212389628,0.46864128295523927,0.7196182325482369,0.07751035939685626,0.23922692661484082,0.1313874859213317,0.14359022590021292,0.08098903860173369,0.045088126619036,0.014892861489132289,0.9062547733386358,0.5051631347299895,55.870883750915525,9.296274286439944,0.6773867706457773,0.15800021151889584,0.3486440220226844,0.12396739414225634,0.486094535390536,0.1333031869829318,0.29650081309179466,0.08773854814935653,0.7215412348508835,0.16681711844389815,0.4319803783049186,0.09231227862274052
187,1.6290605664253235,0.07073472691052461,0.21442960429936647,0.09827470412008928,0.2435956521332264,0.1132628143962147,13.986576824188232,8.04438759056117,5.280614643096924,0.39292022492934553,0.5902797400951385,0.07510114583263346,0.2508679966256022,0.10267673073702464,0.1270654324442148,0.08743488590889412,0.043349648136645554,0.011218281800069127,0.6724485677480697,0.2326620425602107,64.83770652770995,8.136276370123188,0.7158382698893547,0.20502054913419845,0.33925609931349754,0.11718399789537996,0.4138619865477085,0.11082678467735842,0.34112543493509295,0.1089980137660773,0.6030404359102249,0.1669606162320275,0.4705770224332809,0.07274403029772242
188,1.6074810485045115,0.10155658146449582,0.23705126574883859,0.1417025655000518,0.29307531664768854,0.1335693401357375,13.273353636264801,10.724310056630161,5.101598604520162,0.6360439227639306,0.621584223707517,0.10394832972831225,0.2593648719911774,0.13186446497706386,0.13180364578341444,0.09169421097255555,0.04226318404544145,0.016528583461426053,0.7707012005150318,0.4278115494312536,64.66800212860107,10.769304521332876,0.722293991347154,0.17999928199173862,0.3369981312503417,0.13285174946089492,0.4401791532834371,0.1517530202972052,0.32789865968128046,0.10403195060514131,0.6351079985499382,0.22995098887956936,0.4500264865656694,0.09180299201984767
189,1.6035368303457895,0.08029900122084759,0.19294112580828368,0.11306687766302638,0.2122443999784688,0.11057620168726559,15.039479887485504,8.138400318673279,5.137644755840301,0.4865785249323461,0.6267837072412173,0.09001067442272334,0.22212526152531306,0.1273460482133902,0.14422480513652167,0.10509021408466898,0.04360122275538743,0.014260706994883028,0.8141854171951611,0.3394251121780495,59.15198548634847,8.051937848480701,0.6826921691497166,0.1891014149111464,0.330862262348334,0.12558854999235317,0.45040276447931926,0.15258029520602673,0.3100752130150795,0.09328565226458646,0.6728727971514066,0.19968651576613136,0.4545327603816986,0.08121638393498258
190,1.5927955713765374,0.1094583436268903,0.18666786196288362,0.10359258579099336,0.2557023037867299,0.12580768505228393,18.263453779549433,9.029547074887573,5.342538044370454,0.5356830019648868,0.5652821665180141,0.0990313239291402,0.23970910062178455,0.13165143728881562,0.15141280628098497,0.07901862056694957,0.05010759514146324,0.016069437517276786,0.6921638743630771,0.36338556216512674,66.34746406818259,7.977906492928159,0.704653671589391,0.22786658857196004,0.29247461156598453,0.11676055499346216,0.38459776637369186,0.13839954091995554,0.3258800095525281,0.12675876932939728,0.5764113515615463,0.20300602122623856,0.45674554489809893,0.0821606253146719
191,1.6140379786491394,0.089180386323372,0.24101487645724168,0.1365406912472094,0.2559762223313252,0.14223923316058978,10.610070886214574,7.395799221351692,4.898295100529989,0.43848109977440064,0.6713171094655991,0.08005163432681385,0.2538136146962643,0.12393166054763985,0.20743029148628314,0.12269686204906054,0.03736663240318497,0.01492056112236277,0.8704111764828364,0.4293021783945977,60.157799084981285,7.259316662711166,0.6607599218686422,0.18579422291121672,0.3239853590726852,0.10936202295421597,0.4574348603685697,0.14867356729488174,0.2931676287204027,0.09775527856480472,0.7098185564080874,0.19237591711833404,0.4430207128326098,0.09863792067102481
192,1.6203754425048829,0.08904944656620783,0.18309921565620849,0.10264112614183203,0.22451776871457696,0.1090159972871123,11.262892337640126,6.349665647513856,5.107670696576436,0.31983636587376185,0.6411854282021523,0.06636434561191748,0.24848551644633213,0.1035494454017188,0.11232368778437377,0.0503139094051349,0.04486246940990289,0.011844713689900524,0.8305187682310741,0.5589522087870167,65.30754330952962,7.423552322562818,0.7608323882023493,0.14391562264209157,0.3212638753155867,0.11634579992535198,0.4718709068993727,0.1493550302876926,0.33642616470654807,0.1050980973999366,0.626400712877512,0.1888206356518833,0.43843852654099463,0.1136735082836216
193,1.5628146946430206,0.09470825612795881,0.24002831783145667,0.13109694401612915,0.2552708864212036,0.11377496638055845,8.997007435560226,6.2520339131897025,4.751582872867584,0.518705639941918,0.6828708892067273,0.08026425104058944,0.18737833381940922,0.10391044942646505,0.14882393299291533,0.08814700695120825,0.04753333833068609,0.013590403978787219,1.5318691899379095,0.925600311708981,55.96464214324951,10.343436089122683,0.6076160152753194,0.15375473736704162,0.3245399640252193,0.1315036256294001,0.5563359128932158,0.16078177545005556,0.20612993963683646,0.07870187909343943,0.9159796168406804,0.16099059353425538,0.34485096087058387,0.11376243137755565
194,1.6019739170869192,0.09751299971791279,0.19021738660521806,0.12710605347891243,0.1912112687403957,0.11644478026560535,17.028100538253785,9.137286405999877,5.00270459651947,0.7027068486708526,0.6068380559484164,0.11595380222006518,0.2364078177139163,0.1292735366121751,0.1591019825388988,0.08955319847327955,0.04232017775066197,0.018013230782134244,1.2166614112754663,0.6049419628315832,57.052421696980794,10.066094121963681,0.6721067935228348,0.15474993159914485,0.34177011710902055,0.12781711767984866,0.5423638939857482,0.13398631346513104,0.2585512218376001,0.09998965483712609,0.826336249212424,0.19717418345806217,0.37688657119870184,0.10253872583903906
195,1.578765372435252,0.11058712232810033,0.23084196516623098,0.11859548105186492,0.23811263168851535,0.10818500140148558,8.119753046830494,5.1522665762331785,4.8204797546068825,0.45767429893431155,0.6773654227455457,0.07587986947371607,0.19453286758313576,0.09240343764221907,0.14477376118302346,0.11985106593523702,0.046750270078579584,0.013163380642122812,1.2563317919770876,0.47054783196911576,54.922156778971356,9.242069863211048,0.6145983080069224,0.1631923054331589,0.35905687759319943,0.1380936796330846,0.5396346564094225,0.16862672158912007,0.22979311558107535,0.08220046520735964,0.888111258049806,0.19840009203108813,0.37842785492539405,0.1014613137394719
196,1.576800641366991,0.08849649104762725,0.23481266707146414,0.15885302983387753,0.25066888490218225,0.12693100186184525,9.815741862280895,5.436414166313752,4.842547052997654,0.4797496229871992,0.6674071343268378,0.07587264276926875,0.1946047492704149,0.09492984944638198,0.17013064506700484,0.12151528557764203,0.04510785322004961,0.015469431595761605,1.2267045277660176,0.48562113664066026,55.86808692802817,9.913641505660417,0.6340780359203533,0.16974389431493578,0.33193993820982465,0.12839333798269123,0.5360390869742733,0.16446857541465987,0.2409070745994479,0.08655533552573247,0.856787211309045,0.19147586777182335,0.384396194653996,0.11510906810200248
197,1.5793420096238455,0.08193373673731598,0.22667873568522434,0.10906152924906375,0.25296271263311304,0.11191046412751975,8.531576704978942,4.908802752040392,4.741044835249583,0.6016464074053154,0.6814766695102056,0.08594314492301355,0.20066832074274618,0.08900545773031486,0.12865542999158303,0.08025097264590891,0.05284269008164604,0.015065545993580773,1.00419130474329,0.3241768636978486,54.496017615000405,10.661443370364594,0.6494226699074109,0.1413444761682858,0.367524695644776,0.11521799050767408,0.5105387955904007,0.11242325647320232,0.2726421855390072,0.08177473887843832,0.7955604538321495,0.15800027033228092,0.4151148120562235,0.0787452446664316
198,1.5705807546774546,0.08999976234626728,0.21211749686238665,0.11240055966245727,0.2199695662750552,0.11170617522043406,11.484188612302145,9.649252678622195,4.997837376594544,0.5839435389346821,0.6294400408864022,0.10661215848233394,0.21539439453432957,0.10501743126054117,0.14917831147710484,0.0904662064300454,0.04832404035453995,0.016538074169770423,1.2743136515220006,0.5258762284916124,56.6975757598877,9.331970046651282,0.6584196930130323,0.14631085423701903,0.37560753685732684,0.14180010973249996,0.5766543691356977,0.14120355494292763,0.22148503276209036,0.06041497297271636,0.877652429540952,0.12549355276562504,0.34512849984069666,0.09039166626708478
199,1.5713134626547496,0.09602951919747181,0.2801940587659677,0.11412626602804692,0.23363445553307732,0.13822631081275932,13.100640650590261,16.224089687002564,5.1371612270673115,0.49750773702430234,0.6120217703282833,0.10277826331745941,0.21680877183874447,0.1106594351527235,0.1572729716077447,0.09349215423473207,0.044851527797679105,0.013491940683132128,1.2244797433416048,0.35941530633141017,55.949294090270996,8.28015980079401,0.6251511891682943,0.16600393969919827,0.36881519804398216,0.13185277467255352,0.5553335962196191,0.15585389128466942,0.2342809078594049,0.07544434301816581,0.894301118950049,0.1610583183105531,0.38153777246673903,0.0981377692850078
200,1.5610021750132244,0.0916018671317351,0.24166560682157676,0.11872206824820512,0.2491878192871809,0.11280789149770935,7.102624553442001,3.3905134822515586,4.71801499525706,0.4657745470124442,0.6980609705050786,0.06289774023904278,0.1854555378978451,0.07366908231378703,0.15948806169132393,0.11535693352248584,0.04625687717149655,0.014956094708682626,1.1520822847882906,0.5252429466515401,53.25105152130127,8.729880220475792,0.618295926352342,0.1712134804648606,0.3187047565976779,0.09929074852355756,0.5172189337511858,0.1733350267818017,0.23391514917214712,0.07918013566182384,0.83364251156648,0.19831040530437075,0.39001461391647657,0.11924855430063455
